Id,Reaction,External ids,template,GN_CRS2_LM,GN_CRS2_LM,GN_CRS2_LM,GN_CRS2_LM,GN_CRS2_LM,GN_CRS2_LM,SLSQP,SLSQP,SLSQP,SLSQP,SLSQP,SLSQP,Type,Value,Stdev, lb,ub,Atom_mapping,Reversible
RSS,,,3480.240990259245,2403.4448631958444,2410.457431066394,2423.525706050071,2431.7059366791236,2804.79702134581,2844.3235528890536,2396.6919911453956,2409.988528285987,2422.9520594371184,2430.141578481448,2792.896850286404,2842.9529630006737
Thres,,,55.75847927888702,55.75847927888702,55.75847927888702,55.75847927888702,55.75847927888702,55.75847927888702,55.75847927888702,55.75847927888702,55.75847927888702,55.75847927888702,55.75847927888702,55.75847927888702,55.75847927888702
p_value,,,0.0,0.0,0.0,0.0,0.0,0.0,0.0,0.0,0.0,0.0,0.0,0.0,0.0
Id,Reaction,External ids,template,GN_CRS2_LM,GN_CRS2_LM,GN_CRS2_LM,GN_CRS2_LM,GN_CRS2_LM,GN_CRS2_LM,SLSQP,SLSQP,SLSQP,SLSQP,SLSQP,SLSQP,Type,Value,Stdev, lb,ub,Atom_mapping,Reversible
r1_hk,Glc+ATP-->G6P,(kegg:R02848),47.23538688075211,45.00000362200246,55.000000057372105,55.00002455360376,45.00006166640401,52.80949975747901,45.01209868520732,45.00084451147106,54.9890087141118,54.96795881573767,45.00472603682431,52.60352148743043,45.015750949150174,free,1.0,1.0,0.0,200.0,ABCDEF-->ABCDEF,no
r2_pgi,G6P-->F6P,(kegg:R00771f),127.91263421013153,78.51027723971845,29.645959859498607,45.590569464548956,23.259416267737492,40.91019651827429,75.69271854576616,78.77075839693741,29.563576623674454,45.5552079876818,23.265942590176635,41.077067709634036,75.73452887432548,free,1.0,1.0,0.0,200.0,ABCDEF-->ABCDEF,no
r3_pgi,F6P-->G6P,(kegg:R00771r),128.22861097490008,51.97211279866652,25.18148205156742,30.154133588109428,13.92258235006953,34.936827156662005,76.65644624014391,51.983352950001766,25.099027291089943,30.124648620968916,13.949993811666806,34.8574546744533,76.6506723207222,free,1.0,1.0,0.0,200.0,ABCDEF-->ABCDEF,no
r4_pfk,F6P+ATP-->FBP,(kegg:R00756),87.15024371647381,195.75276515026508,199.79783546903357,199.9989449960189,21.320462629474832,158.52290927928703,199.85201885877436,195.9070544550941,199.80124108773418,199.99716844256315,21.30336533699884,158.67778532759263,199.87089406333237,free,1.0,1.0,0.0,200.0,ABCDEF-->ABCDEF,no
r5_fba,FBP-->DHAP+GAP,(kegg:R01068f),70.86722402866407,54.57826699148874,19.003461979048993,44.02757976127705,20.332739580371808,55.377118266466795,59.57489786242675,54.71570901732167,18.98796276278555,44.03085908977998,20.313857582098265,55.3372612845084,59.59580405106201,free,1.0,1.0,0.0,200.0,ABCDEF-->CBA+DEF,no
r6_fba,DHAP+GAP-->FBP,(kegg:R01068r),57.75791126797164,27.42385167171155,3.930289894615062,22.459644966575045,0.05577533388544836,34.66271672140458,43.53313932403378,27.41031704687816,3.9130672184821322,22.46442625396087,0.05663960987864225,34.41525477747498,43.535081633348746,free,1.0,1.0,0.0,200.0,CBA+DEF-->ABCDEF,no
r7_tpi,DHAP-->GAP,(kegg:R01015f),37.10978838918546,22.95559377131628,10.091378086593368,16.569344266646514,15.307480833507386,20.90961223817266,12.879760073402426,22.826360678049994,10.091920198092797,16.567056234890792,15.259945103335212,20.878116093711327,12.8690770808154,free,1.0,1.0,0.0,200.0,ABC-->ABC,no
r8_tpi,GAP-->DHAP,(kegg:R01015r),23.898741077995837,6.070436522012776e-06,0.0,9.088138401093926e-13,1.3090565972678445e-07,0.14021441618031574,6.491718312221978e-13,0.0050633195662665885,0.00021557913115197622,5.773099130846313e-05,2.6080572845970865e-05,0.1343535419767554,0.0002347950926353188,free,1.0,1.0,0.0,200.0,ABC-->ABC,no
r9_gapdh,GAP-->m3PG+NADH+ATP,(kegg:R01061f),241.7316874715387,499.9722361360747,403.1621249533238,485.502981361445,470.0311704537732,109.07993925653521,37.42427308648232,499.82213658737794,403.2108712684274,485.4889708947977,469.9380031150443,109.1815635211765,37.447682103817186,free,1.0,1.0,0.0,500.0,ABC-->ABC,no
r10_gapdh,m3PG+NADH+ATP-->GAP,(kegg:R01061r),208.69868263692618,449.55410767605514,372.6932276440452,444.29995284096617,428.97666034027594,60.22562379775571,1.1358302213033694e-05,449.4364539966968,372.7390979993029,444.28760282052605,428.95023152320744,60.16459772648217,0.029684468326161104,free,1.0,1.0,0.0,500.0,ABC-->ABC,no
r11_peph,m3PG-->PEP,(kegg:R01512f),392.1102333938205,497.9471443133408,197.42186634447575,499.9947553022457,499.9967088880365,474.92650372336533,264.40997259684576,497.86479827743864,197.45668788436956,499.97556484557646,499.89201136194384,474.77368902296445,264.39270328816394,free,1.0,1.0,0.0,500.0,ABC-->ABC,no
r12_peph,PEP-->m3PG,(kegg:R01512r),359.75299210354177,447.6793485129076,167.0685709434149,458.9859509990727,459.05815919654503,426.23351176738385,227.15609545667377,447.6309125252927,167.1012617022682,458.966391255705,459.02303260447417,425.91757906704606,227.15061787105338,free,1.0,1.0,0.0,500.0,ABC-->ABC,no
r13_pk,PEP-->Pyr+ATP,(kegg:R00200),79.72293188363696,91.57161967648304,174.23609332671379,72.29005696346874,199.32856073178738,84.20209823667369,54.01511549673042,91.53782778782232,174.30706734834706,72.41973373678492,199.3085973104949,84.43036699606613,54.031058441934434,free,1.0,1.0,0.0,200.0,ABC-->ABC,no
r16_pyrdh,Pyr-->AcCOAmit+CO2in+NADH,(kegg:R01196),126.1658317264098,128.71603060159123,120.92599145333628,124.99382330277592,106.87907559232929,129.06851535612356,123.6273527673206,128.76089207981659,120.85107471421932,125.04590255211845,106.86214879813431,128.93206020809745,123.62161487728298,free,1.0,1.0,0.0,500.0,ABC-->BC+A,no
r17_cs,AcCOAmit+Oxa-->Cit,(kegg:R00351),126.23655859452666,128.77722007338593,120.93086390035268,124.99382345594606,106.87907559232923,129.0733983226458,123.62735276871304,128.8219321244535,120.8555007379506,125.04590282907647,106.8621488096657,128.9367695668694,123.62161490861945,free,1.0,1.0,0.0,500.0,AB+CDEF-->FEDBAC,no
r18_idh,Cit-->aKG+CO2in+NADH,(kegg:R00709f),186.60631074534797,99.80068768099774,95.25604233641445,100.13289210142753,81.89159402602525,125.53613758335105,299.81948960747764,99.87858728320438,95.16647121210795,100.12829705887896,81.87367072558901,125.46692565851102,299.81214084432395,free,1.0,1.0,0.0,500.0,ABCDEF-->ABCDE+F,no
r19_idh,aKG+CO2in+NADH-->Cit,(kegg:R00709r),88.05599913993161,0.0034074729812852986,4.19896356576574e-09,0.13298721545147063,0.001962859140227628,25.587716256369603,199.99999997393155,0.0689141925300349,0.003231732212531883,0.13411975950238111,0.022385339322158433,25.518333599890664,199.996205635621,free,1.0,1.0,0.0,200.0,ABCDE+F-->ABCDEF,no
r20_akgdh,aKG-->Suc+CO2in+ATP+NADH,(kegg:R01197),78.93301905820401,79.83329024806585,75.48587350361548,80.00002117900804,61.890064130914666,80.23604823055682,79.89889506969274,79.87027121213275,75.39712698376643,80.01517855576654,61.854386952753075,80.26420224499834,79.9001498192742,free,1.0,1.0,0.0,500.0,ABCDE-->BCDE+A,no
r21_sdh,Suc-->Fum+{0.6}NADH,(kegg:R02164f),434.98796669033425,499.72759262780903,439.0005685399086,498.891459193915,61.89006413091469,80.23653489783392,79.89889506969273,499.63068603733456,438.95918243046304,498.8801176739798,61.92275922203198,80.4621475444084,79.90566016697859,free,1.0,1.0,0.0,500.0,ABCD-->ABCD,no
r22_sdh,Fum+{0.6}NADH-->Suc,(kegg:R02164r),356.0549476321302,419.8943023797432,363.5146950362931,418.891438014907,0.0,0.00048666727710880615,0.0,419.7604148252018,363.5620554466966,418.8649391182133,0.06837226927888425,0.19794529941006797,0.005510347704406913,free,1.0,1.0,0.0,500.0,ABCD-->ABCD,no
r23_fh,Fum-->Mal,(kegg:R01082f),409.10565717402227,499.95565406163865,497.49232875793166,497.88027567333086,499.6766738895355,184.8514126325266,443.48907840365393,499.9042572292195,497.4026481636053,497.84856762022383,499.6047772296903,184.98719088637068,443.4920502573334,free,1.0,1.0,0.0,500.0,ABCD-->ABCD,no
r24_fh,Mal-->Fum,(kegg:R01082r),330.17263811581824,420.1223638135728,422.00645525431617,417.8802544943228,437.7866097586208,104.6153644019698,363.5901833339612,420.03398601708676,422.00552117983887,417.8333890644573,437.7503902769372,104.72298864137237,363.5919004380592,free,1.0,1.0,0.0,500.0,ABCD-->ABCD,no
r25_mdh,Mal-->Oxa+NADH,(kegg:R00343f),224.3649309125946,440.75700152724005,120.40567433877649,430.21147666084,165.6217192070742,170.80931549580905,147.1807463495774,440.78100695657133,120.39622517735242,430.1589307515662,165.62686234366603,170.69202247209276,147.17689683937536,free,1.0,1.0,0.0,500.0,ABCD-->ABCD,no
r26_mdh,Oxa+NADH-->Mal,(kegg:R00343r),262.89309442795224,499.1506878078192,145.7644476136603,500.0,141.37464711786814,201.8695848096673,214.89998881519628,499.15151775694574,145.72442651657155,499.96802285599694,141.37406634131366,201.83377809148726,214.89954348991967,free,1.0,1.0,0.0,500.0,ABCD-->ABCD,no
r27_pc,Pyr+CO2in+ATP-->Oxa,(kegg:R00344),200.0296395233434,187.17090635396514,290.1724351008894,194.7823772242412,230.93925739683402,160.1336676375536,191.34882689290845,187.25755136561335,290.1114897570384,194.91365764085737,230.90925312961485,160.10250876907486,191.36654332227434,free,1.0,1.0,0.0,500.0,ABC+D-->ABCD,no
r28_mae,Mal-->Pyr+CO2in+NADPH,(kegg:R00216),124.76095109557174,116.15745692875949,119.19116358121725,137.03608038767024,45.4289670982178,95.04919803607538,144.67821476350406,116.07025952088969,119.09974767980422,137.03236560974324,45.35617363676674,95.1345630604969,144.66759573939026,free,1.0,1.0,0.0,500.0,ABCD-->ABC+D,no
r29_g6pdh,G6P-->m6PG+NADPH,(kegg:R00835),23.927926212945074,8.504877069077171,23.910231305827324,17.19797977754337,24.406398646562337,32.046525786793715,33.471278545594686,8.435917192838952,23.915478527951937,17.203565203148628,24.413012992134135,31.94470779477962,33.46527869812987,free,1.0,1.0,0.0,50.0,ABCDEF-->ABCDEF,no
r30_pgd,m6PG-->Ru5P+CO2in+NADPH,(kegg:R01528),23.92792621294508,8.504877069077173,23.910231305827327,17.197979777543374,24.40639864656234,32.04652578679372,33.471278545594686,8.435917192838952,23.91547852795194,17.203565203148635,24.413012992134135,31.944707794779628,33.46527869812988,free,1.0,1.0,0.0,50.0,ABCDEF-->BCDEF+A,no
r31_ri,Ru5P-->R5P,(kegg:R01056f),48.71832662894723,46.92608877333761,49.99497649099235,49.56278997681709,48.21513483968664,33.62741970978256,49.575399529452895,46.96805701188577,49.98724975794371,49.57410053561449,48.22711730876929,33.90595395912429,49.59552372317053,free,1.0,1.0,0.0,50.0,ABCDE-->ABCDE,no
r32_ri,R5P-->Ru5P,(kegg:R01056r),38.215689941463076,39.037462582985654,36.69343946166773,38.49630911753614,34.74886652194266,16.321926106438696,33.10960721662889,39.050126342554634,36.68211744171064,38.506408801572036,34.75537351034491,16.66363963619728,33.1071108891506,free,1.0,1.0,0.0,50.0,ABCDE-->ABCDE,no
r33_rbe,Ru5P-->Xu5P,(kegg:R01529f),20.108223981198048,0.6179507363736215,10.60869427650271,49.99812245620013,11.112575523303839,15.7937344257047,47.68655032708714,0.5196834981097218,10.612254710706722,49.982152054262436,11.112464599176123,15.82341227532861,47.65522935040532,free,1.0,1.0,0.0,50.0,ABCDE-->ABCDE,no
r34_rbe,Xu5P-->Ru5P,(kegg:R01529r),6.682934455737116,0.001699857648403138,0.0,43.86662353793769,0.17244519448548892,1.052702242254824,30.681064094316447,0.0016969746018997269,0.0019084989878507522,43.84627858515624,0.17119540546637377,1.1210188034759745,30.678363486295368,free,1.0,1.0,0.0,50.0,ABCDE-->ABCDE,no
r35_tkt,R5P+Xu5P-->S7P+GAP,(kegg:R01641f),9.30892565726093,0.31659966566463343,5.306918837305335,3.065749459131224,5.484609190384842,7.370711392183824,8.504597376569166,0.30358899481604645,5.30762111530043,3.06793965436686,5.485578550524237,7.3537464548666325,8.490285889327655,free,1.0,1.0,0.0,50.0,ABCDE+FGHIJ-->FGABCDE+HIJ,no
r36_tkt,GAP+S7P-->Xu5P+R5P,(kegg:R01641r),2.596280894530458,0.008474226302020885,0.002571699053973708,0.0,0.01454402597566175,0.0001953004588784539,0.0018542601838090957,0.044595733062132055,0.002448009440988099,2.9198137574848465e-06,0.01494395366935775,0.0025497189403068735,0.001852957272667457,free,1.0,1.0,0.0,50.0,HIJ+FGABCDE-->FGHIJ+ABCDE,no
r37_tal,GAP+S7P-->F6P+E4P,(kegg:R08575f),18.174913379165208,0.3675220766568138,7.220475826659802,4.666356733229444,9.022503147344903,7.424932761755061,14.60230416099714,0.31829828728769577,7.308632584233331,4.6696106936324915,9.050979244753773,7.488025126873719,14.584193312880245,free,1.0,1.0,0.0,50.0,ABC+DEFGHIJ-->DEFABC+GHIJ,no
r38_tal,E4P+F6P-->S7P+GAP,(kegg:R08575r),11.462268616434745,0.05939663729420785,1.916128688408453,1.60060727409823,3.552437982935732,0.05441667003012674,6.099561044611796,0.059305025533787956,2.0034594783739004,1.6016739590793991,3.580344647898902,0.13682839094740568,6.095760380825271,free,1.0,1.0,0.0,50.0,GHIJ+DEFABC-->DEFGHIJ+ABC,no
r39_tkt,E4P+Xu5P-->F6P+GAP,(kegg:R01067f),7.804144730465237,14.026342548811597,5.30434713825135,3.0657661598483026,5.608322264250946,7.3705160943520776,8.502743116385343,13.996474320059331,5.305703690352045,3.06795330985226,5.613872560275328,7.35134251037695,8.488435721776174,free,1.0,1.0,0.0,50.0,ABCD+EFGHI-->EFABCD+GHI,no
r40_tkt,GAP+F6P-->Xu5P+E4P,(kegg:R01067r),1.091499967734775,13.718217109448991,0.0,1.670071708824422e-05,0.13825709984177445,2.6271442318756007e-09,0.0,13.737481058305423,0.0005305844926147569,1.6575299167276153e-05,0.14323796342045708,0.00014577445063644457,2.7897212004249196e-06,free,1.0,1.0,0.0,50.0,GHI+EFABCD-->EFGHI+ABCD,no
r41_ldh,Pyr+NADH-->Lac,(kegg:R00703f),164.6097444975326,438.5964138484102,229.14868680506737,383.348461591359,365.0772301049088,486.8393960488712,345.69318777455646,438.4419937418248,229.08959003670174,383.2643026396588,364.98012547986775,486.6542985910609,345.6873590120328,free,1.0,1.0,0.0,500.0,ABC-->ABC,no
r42_Lac_ex,Lac-->LacEx,(kegg:Lac_ex),4.704623246107202,4.986352037666251,1.2817463192389067,2.020724219575181,1.8222420698424775,2.0517127672336963,2.466923454967847,4.6776288919481885,1.1879717984550817,1.958283521470103,1.855280745564915,2.0954846807253356,2.463292602187116,fitting,1.0,1.0,0.0,5.0,nd,no
r46_SubsGln,SubsGln-->Gln,(kegg:SubsGln),0.003813325940958734,0.0008065116631801317,0.22982953031748643,0.00011629303197580043,0.0004106313050353805,0.08543433632542907,0.0003400965260595967,0.004641555472909786,0.23309194942525124,0.0032740522841088193,4.622647509222588e-08,0.05611834142895411,0.002754968217828946,free,1.0,1.0,0.0,100.0,ABCDE-->ABCDE,no
r47_gls,Gln-->Glu,(kegg:R00256),406.86426993607824,273.4326851913731,0.03563868428048167,490.00011629303197,489.9503580184071,0.6156416650619256,488.119214597409,273.46721443368864,0.009801962994801627,489.97912730142343,489.89390597255857,0.5372988491747108,488.1220002757418,free,1.0,1.0,0.0,500.0,ABCDE-->ABCDE,no
r49_gludh,Glu-->aKG+NADPH,(kegg:R00243f),261.9943881276804,62.61586268673709,0.15235752226098143,479.99699191973315,452.62450138683283,99.37000965160134,0.48196553997928504,62.616674477391456,0.21438346309438217,480.0006614832049,452.58712321022114,99.6603335190952,0.48649899726349943,free,1.0,1.0,0.0,500.0,ABCDE-->ABCDE,no
r50_gludh,aKG+NADPH-->Glu,(kegg:R00243r),281.61168067489274,82.57985264668768,19.922526350861,499.9968756267012,472.6240684228032,119.08238274802596,20.40256010383264,82.55607635593306,19.980495959223376,499.97966022681493,472.5840216437349,119.34472333271721,20.40228438669221,free,1.0,1.0,0.0,500.0,ABCDE-->ABCDE,no
r51_glul,Glu-->Gln,(kegg:R00253)),416.54850218707406,283.43187683686966,9.805809146738627,500.0,499.94994738710204,10.336371461686534,498.0978488925639,283.45539612238707,9.776199700607119,499.9632236395336,499.8919674112724,10.264649524736766,498.09730344456113,free,1.0,1.0,0.0,500.0,ABCDE-->ABCDE,no
r54_asp,Oxacyt-->Asp,(kegg:R00355),8.28570528720116,9.745635589205257,7.328304765419276,6.465160469307328,7.120712222349937,9.862990224361475,9.988779208992618,9.943947930505729,7.29398841485952,6.491733140590696,7.1165625063091085,9.70929885480821,9.994189168631522,free,1.0,1.0,0.0,10.0,ABCD-->ABCD,no
r55_Asp_ex,Asp-->AspEx,(kegg:Asp_ex),0.13615399945730644,0.471824932577249,1.2555884276493572,1.2470046393072565,1.901962664849897,0.49593685872142146,0.9152886197664927,0.5717698956732988,1.132366934123084,1.2218517741605126,1.8241274525015783,0.5003460798498907,0.9166134475782215,fitting,1.0,1.0,0.0,10.0,nd,no
r58_gpt_m,Pyr-->Ala,(kegg:R00258),9.970508973691523,9.21650237665088,9.451058710038751,9.975546768477784,9.958904907971984,9.472272982683194,9.960664496974886,9.227718892325555,9.64301347467162,9.988660709041739,9.998009210251695,9.99261580681565,9.95941949729172,free,1.0,1.0,0.0,10.0,ABC-->ABC,no
r59_Ala_ex,Ala-->AlaEx,(kegg:Ala_ex),9.371937180717623,9.9801354295345,9.17780600073715,9.703029043274455,9.770271208987694,9.20578112889251,9.687457446203325,10.000000021546498,9.370109398601556,9.724741301186498,9.810013209712935,9.716484013646692,9.68621244652013,free,1.0,1.0,0.0,10.0,nd,no
r82_acl,Cit-->AcCOAcyt+Oxacyt,(kegg:R00352),27.68624698911035,28.979939865369513,25.674821568137236,24.99391856997004,24.989444425444262,29.12497699566442,23.807863135166983,29.012259033779177,25.692261258055233,25.051725529699937,25.010863423398913,28.988177508249123,23.80567969991658,free,1.0,1.0,0.0,100.0,FEDBAC-->AB+CDEF,no
r84_G6P_BIO,G6P-->G6PBiomass,(kegg:BiomassG6P),22.280096367026573,9.956962111873239,16.625290943613464,12.365608899919192,11.256783984702345,11.937417313905122,12.504547833990262,9.77730131825661,16.620665583910448,12.365966066132033,11.272448850536342,11.583692160661538,12.464186785602074,fitting,1.0,1.0,0.0,100.0,nd,no
r85_R5P_BIO,R5P-->R5PBiomass,(kegg:BiomassR5P),4.253905426941368,9.58049981234782,9.997189891073251,9.99992158768288,9.99508434181515,9.959187724795491,9.963049196438647,9.658935890659928,9.999931786722009,9.998939991992135,10.000000004685099,9.999367872517913,9.999975652449127,free,1.0,1.0,0.0,10.0,nd,no
r86_DHAP_BIO,DHAP-->DHAPBiomass,(kegg:BiomassDHAP),3.9157216411106255,4.198827618897425,4.9996870000119,4.998590528056411,4.969520442791094,4.9442991772583795,4.968629556954831,4.495309503956911,4.999993167491525,5.0000000187314555,4.99917197835677,4.999999870103075,5.000000005467278,free,1.0,1.0,0.0,5.0,nd,no
r87_Ser_BIO,Ser-->SerBiomass,(kegg:BiomassSer),0.273207051,0.273207051,0.273207051,0.273207051,0.273207051,0.273207051,0.273207051,0.273207051,0.273207051,0.273207051,0.273207051,0.273207051,0.273207051,fixed,0.273207051,1.0,0.0,10.0,nd,no
r89_Ala_BIO,Ala-->AlaBiomass,(kegg:BiomassAla),0.273207051,0.273207051,0.273207051,0.273207051,0.273207051,0.273207051,0.273207051,0.273207051,0.273207051,0.273207051,0.273207051,0.273207051,0.273207051,fixed,0.273207051,1.0,0.0,10.0,nd,no
r90_Asp_BIO,Asp-->AspBiomass,(kegg:BiomassAsp),0.21815583,0.21815583,0.21815583,0.21815583,0.21815583,0.21815583,0.21815583,0.21815583,0.21815583,0.21815583,0.21815583,0.21815583,0.21815583,fixed,0.21815583,1.0,0.0,10.0,nd,no
r92_Glu_BIO,Glu-->GluBiomass,(kegg:BiomassGlu),9.933060296216542,9.964798314454036,9.999998366141872,10.0,9.999977667275397,9.991643299800016,9.941960268698427,9.951220189843166,9.999714758516676,9.994902405499849,9.998836994799984,9.957039138059946,9.940482220609361,free,1.0,1.0,0.0,10.0,nd,no
r93_Gln_BIO,Gln-->GlnBiomass,(kegg:BiomassGln),9.688045576936757,9.999998157159743,9.999999992775631,10.0,10.0,9.806164132950038,9.978974391680989,9.992823244171342,9.999489687037569,9.987370390394306,9.998061484940273,9.78346901699101,9.978058137037177,free,1.0,1.0,0.0,10.0,nd,no
r100_CO2_in,CO2in-->CO2Ex,(kegg:CO2_ex),314.26918162637855,245.83802870154497,145.79156265339387,264.4462912686789,90.48796360110073,276.21508833105054,290.14640416599514,245.78850139127758,145.54403659972058,264.3889869246927,90.35420787660698,276.1382099838287,290.10692761866176,free,0.0,1.0,0.0,1000.0,A-->A,no
r101_CO2_ex,SubsCO2-->CO2in,(kegg:SubsCO2),61.96078145117502,0.0,1.19469557807153,0.0008589599465597169,0.9330843630256556,4.723207327406632e-05,2.7924546807784115e-07,0.0990396605386749,1.2288589711217217,0.011455345396702909,0.9264532401667503,0.01659338591095143,0.0028965981558999815,free,0.0,1.0,0.0,1000.0,A-->A,no
r103_FA_ex,AcCOAcyt+{2}NADPH-->FAEx,(kegg:FA_ex),19.754851531366427,19.92428503874144,19.82026106036723,19.9939185699699,19.988850697944137,19.976079460024287,14.952528375940823,19.858236828946684,19.74879560731872,19.999999993269682,19.936584199591294,19.99738056329072,14.946259808863246,free,1.0,1.0,0.0,20.0,nd,no
r104_MAL_ex,Mal-->Malcyt,(kegg:MAL_cyt),14.42852782290393,22.069519599885606,80.86533666550237,52.34464563473094,19.249334389879134,99.90834370133321,2.9399237159807035,22.21684510551475,80.84236213443194,52.37377401136966,19.298649227934355,99.84738488306968,2.962875307662052,free,1.0,1.0,0.0,100.0,ABCD-->ABCD,no
r105_MAL_ex,Malcyt-->Mal,(kegg:MAL_cyt),21.728296344914007,0.0,99.21185346822033,39.59218150423305,27.035309446388347,83.66122419299349,9.441731400033849e-07,0.04632261389721504,99.21678149125061,39.58186896091556,27.053231914300426,83.57599007917372,0.007674577233824142,free,1.0,1.0,0.0,100.0,ABCD-->ABCD,no
r106_mdh_cyt,Malcyt-->Oxacyt+NADH,(kegg:OXA_cyt),16.95157554496701,22.252129141471737,81.65348319728204,12.752464130497891,83.02111688646232,99.86737143311566,2.9399227718075633,22.361472743136304,81.62402994971636,12.816141396001191,82.98222408713437,99.76187951968313,2.959326578126333,free,1.0,1.0,0.0,100.0,ABCD-->ABCD,no
r107_mdh_cyt,Oxacyt+NADH-->Malcyt,(kegg:OXA_cyt),24.251344066977087,0.18260954158613296,100.0,0.0,90.80709194297154,83.62025192477594,0.0,0.190950251518766,99.99844930653504,0.02423634554708682,90.73680677350043,83.49048471578718,0.004125847698104775,free,1.0,1.0,0.0,100.0,ABCD-->ABCD,no
r108_ATPx,ATP-->ATPex,(kegg:ATP),941.7434234238818,915.9717237044708,772.4551261509184,796.4388528564293,1036.4347155513601,1024.0685423486389,773.409476924827,916.8029812991302,771.9835479025444,796.8376359663341,1036.2148690317877,1024.3843653999852,773.4029371423537,free,1.0,1.0,0.0,2000.0,nd,no
r109_OXPHOS,NADH-->{2.3}ATP,(kegg:NADH),471.5085816382598,487.85754802005874,450.9715359298285,457.70743172492934,448.4440705512494,514.0183291725864,451.42789089874515,488.3368043655098,450.74318254790904,457.8609306515953,448.3832424696264,513.9376721514454,451.4377911219178,free,0.0,1.0,0.0,1000.0,nd,no
r110_NADPHx,NADPH-->NADPHex,(kegg:NADPH),113.48980791151668,73.35465102948032,107.6009352435374,111.44431909584912,34.26449595948383,99.4777175931896,161.79512053895843,73.28621837013262,107.66700102494167,111.46049728589108,34.31213278833864,99.3448277098527,161.78984812849484,free,1.0,1.0,0.0,300.0,nd,no
r111_SubsGlc,SubsGlc-->Glc,(kegg:SubsGlc),50.0,50.0,50.0,50.0,50.0,50.0,50.0,50.0,50.0,50.0,50.0,50.0,50.0,fixed,50.0,1.0,0.0,100.0,ABCDEF-->ABCDEF,no
r112_g6pc,G6P-->Glc,(kegg:R00303),1.3433410655488824,0.0,10.0,9.99999999970154,4.511747123794639e-05,2.8521872951677523,0.0,0.00022055343972590428,9.988315269664772,9.967868179743986,0.003315415643883482,2.855508496808395,0.0024289118148254213,free,1.0,1.0,0.0,10.0,ABCDEF-->ABCDEF,no
r113_Glc_ex,Glc-->GlcEx,(kegg:Glc_Ex),4.107954184796947,4.999996377997713,4.9999999426280635,4.999975446097947,4.999983451067404,0.042687537688924054,4.987901314792849,4.99937604196884,4.999306555553147,4.999909364006487,4.998589378819751,0.2519870093781493,4.986677962664814,fitting,1.0,1.0,0.0,5.0,ABCDEF-->ABCDEF,no
r114_phgdh,m3PG-->Ser+NADH,(kegg:R01513),0.6757635443338322,0.15033265958643707,0.11560190821790428,0.19422421730585707,0.1159604220058904,0.1613235027980672,0.17038458800820325,0.15179683853527362,0.11634708702323593,0.19219448440028766,0.11879283436726894,0.16085583877600634,0.17591221838053786,free,1.0,1.0,0.0,100.0,ABC-->ABC,no
r115_SubsR5P,SubsR5P-->R5P,(kegg:SubsR5P),0.4639135021876898,1.9999990613584735,1.9999999999999998,1.9991901875331584,1.9988811884803475,0.024210213176583926,2.0,1.9999984830827076,1.999972576348387,1.999184992502788,1.9988908031155996,0.1082502855172388,1.9999957504841803,free,1.0,1.0,0.0,2.0,ABCDE-->ABCDE,no
r116_SubsSer,SubsSer-->Ser,(kegg:SubsSer),0.69683174874691,0.12287443367196943,0.1576051427820957,0.15169044098731804,0.15728522080259977,0.11339435965061495,0.10282525114635022,0.12149847920402351,0.15713600028036367,0.15083382910666815,0.1556985042929787,0.11434296379903441,0.09755288089219605,free,1.0,1.0,0.0,20.0,ABC-->ABC,no
r117_SubsLac,SubsLac-->Lac,(kegg:SubsLac),134.91292100287112,122.35303041229955,128.4039059165333,122.37320034021717,104.84191354487017,121.47336165925202,128.71043456378274,122.30721409189684,128.38585597282332,122.37813371556152,104.95216834685506,121.52926660660133,128.71195806943874,free,1.0,1.0,0.0,500.0,ABC-->ABC,no
r118_ldh,Lac-->Pyr+NADH,(kegg:R00703r),294.81804225429653,555.9630922230435,356.2708464023617,503.700937712001,468.09690157993646,606.2610449408896,471.9366988833714,556.0715789417735,356.28747421106993,503.68415283375026,468.0770130811579,606.088080516937,471.9360244792844,free,1.0,1.0,0.0,1000.0,ABC-->ABC,no
r119_SubsAcCOAmit,SubsAcCOAmit-->AcCOAmit,(kegg:SubsAcCOAmit),0.07072686811686904,0.06118947179469208,0.004872447016456028,1.5317011822768928e-07,0.0,0.004882966522257578,1.39244181508393e-09,0.06104004463691478,0.004426023731321623,2.769580077628957e-07,1.1531438863852537e-08,0.004709358771973161,3.133644989374699e-08,fitting,1.0,1.0,0.0,5.0,AB-->AB,no
r120_SubsGly,SubsGly-->DHAP+{0.6}NADH,(kegg:SubsGly),4.017456191607828,0.0,0.017893002171336228,0.0,3.689890646159155e-05,4.999295454188518,1.8066310919636335,0.011214891997129044,0.016802242149753895,0.0005656868118175346,0.0018730288995155709,4.821755914804228,1.8081198734767732,free,1.1,1.0,0.0,5.0,ABC-->ABC,no
r121_pck1,Oxacyt-->PEP,(kegg: R00431cyto),12.100773179899118,41.30382387604987,0.0,31.2812222311606,10.082757146585116,35.50910627964268,16.75900669798193,41.23883359489099,0.0238534863770349,31.35189743956334,10.13971823072374,35.55027345733687,16.766691261713287,free,1.0,1.0,0.0,200.0,ABCD-->ABC,no
r122_pck2,Oxa-->PEP,(kegg:R00431mito),35.264917413459095,0.0,143.88279792565294,3.042913510218735e-05,148.30725389371082,1.049528795428522e-09,0.0022316585765178244,0.06510844078539614,143.9277876798687,0.05866270735011371,148.2999003223015,0.023983582810900145,0.022281763110591643,free,1.0,1.0,0.0,200.0,ABCD-->ABC,no
r123_aat,AcCOAcyt+Asp-->AcAsp,(kegg:R00487),7.931395457743857,9.055654826628013,5.85456050776992,5.000000000000073,5.000593727500041,9.148897535640053,8.855334759226128,9.15402220483243,5.943465650736434,5.051725536430179,5.074279223807532,8.990796944958324,8.8594198910533,free,1.0,1.0,5.0,100.0,AB+CDEF-->ABCDEF,no
r124_AcAspEx,AcAsp-->AcAspEx,(kegg:AcAspEx),7.931395457743857,9.055654826628013,5.85456050776992,5.000000000000073,5.000593727500041,9.148897535640053,8.855334759226128,9.15402220483243,5.943465650736434,5.051725536430179,5.074279223807532,8.990796944958324,8.8594198910533,free,1.0,1.0,5.0,100.0,nd,no
r125_SubsAla,SubsAla-->Ala,(kegg:SubsAla,0.04904650341751671,1.0445244139567056,2.3100737427164287e-05,0.0011155422174496214,0.08457335230965835,0.006715197353590616,2.2843090113805094e-10,1.0538897425764622,0.0009056820362212275,0.015737742035774056,0.09167935225007777,0.023556307804928896,2.2843090113805094e-10,free,1.0,1.0,0.0,20.0,ABC-->ABC,no
r126_alt,Ala-->Pyr,(kegg:R00258r),0.37441124539140247,0.007684310073084498,6.875903903439388e-05,0.000426216420792702,2.9395412683642877e-10,1.4426706461338965e-10,0.0,0.00840156235552671,0.0006027071062446322,0.006450098891042416,0.006468301788841177,0.026481049973863566,0.0,free,1.0,1.0,0.0,20.0,ABC-->ABC,no
r127_sal,Ser-->Pyr,(kegg:R00220),1.099388242080742,4.225840732949003e-08,0.0,0.07270760729317648,3.859180849323201e-05,0.0015108114486841397,2.7881545511075595e-06,8.826673930051294e-05,0.0002760363035997571,0.06982126250695338,0.0012842876602498815,0.0019917515750391907,0.00025804827273231826,free,1.0,1.0,0.0,20.0,ABC-->ABC,no
r128_fbp,FBP-->F6P,(kegg:R00762),74.04093095578143,168.59834983048796,184.72466338459967,178.43101020131695,1.0434983829885178,137.80850773422492,183.81026032038145,168.6016624846507,184.72634554343082,178.43073560674412,1.0461473647792698,137.7557788205593,183.81017164561916,free,1.0,1.0,0.0,200.0,ABCDEF-->ABCDEF,no
PGI,r2_pgi<=>r3_pgi,(kegg:R00771),-0.3159767647685321,26.53816444105194,4.464477807931194,15.43643587643956,9.336833917667969,5.973369361612306,-0.9637276943777326,26.78740544693566,4.464549332584522,15.43055936671291,9.315948778509831,6.219613035180757,-0.9161434463966973,free,1.0,1.0,-100.0,300.0,,
FBA,r5_fba<=>r6_fba,(kegg:R01068),13.10931276069243,27.154415319777186,15.073172084433924,21.56793479470202,20.276964246486337,20.714401545062213,16.041758538392983,27.305391970443512,15.074895544303413,21.566432835819125,20.2572179722196,20.922006507033423,16.06072241771328,free,1.0,1.0,-100.0,300.0,,
TPI,r7_tpi<=>r8_tpi,(kegg:R01015),13.211047311189672,22.95558770087982,10.091378086593398,16.569344266645665,15.307480702601747,20.769397821992406,12.879760073401838,22.82129735848379,10.091704618961675,16.566998503899544,15.259919022762388,20.743762551734637,12.868842285722826,free,1.0,1.0,-100.0,300.0,,
GAPDH,r9_gapdh<=>r10_gapdh,(kegg:R01061),33.033004834612555,50.4181284600196,30.46889730927867,41.20302852047888,41.054510113497265,48.854315458779546,37.424261728180156,50.3856825906812,30.471773269124515,41.20136807427175,40.98777159183687,49.016965794694364,37.41799763549107,free,1.0,1.0,-100.0,300.0,,
PEPH,r11_peph<=>r12_peph,(kegg:R01512),32.35724129027872,50.26779580043316,30.353295401060763,41.00880430317302,40.938549691491374,48.692991955981476,37.25387714017195,50.23388575214592,30.355426182101276,41.00917358987146,40.8689787574696,48.856109955918356,37.24208541711053,free,1.0,1.0,-100.0,300.0,,
IDH,r18_idh<=>r19_idh,(kegg:R00709),98.55031160541635,99.79728020801645,95.25604233221551,99.99990488597605,81.88963116688504,99.94842132698142,99.81948963354608,99.80967309067435,95.16323947989545,99.99417729937657,81.85128538626687,99.94859205862033,99.8159352087029,free,1.0,1.0,-100.0,100.0,,
SDH,r21_sdh<=>r22_sdh,(kegg:R02164),78.93301905820401,79.83329024806585,75.48587350361551,80.00002117900803,61.89006413091469,80.2360482305568,79.89889506969273,79.87027121213275,75.39712698376646,80.01517855576652,61.854386952753096,80.26420224499833,79.90014981927419,free,1.0,1.0,-100.0,100.0,,
MDH,r25_mdh<=>r26_mdh,(kegg:R00342),-38.52816351535764,-58.39368628057921,-25.35877327488381,-69.78852333916005,24.24707208920607,-31.060269313858267,-67.71924246561886,-58.370510800374454,-25.328201339219127,-69.80909210443079,24.25279600235239,-31.141755619394505,-67.72264665054429,free,1.0,1.0,-100.0,300.0,,
RPI,r31_ri<=>r32_ri,(kegg:R01056),10.502636687484143,7.8886261903519515,13.301537029324605,11.066480859280936,13.466268317743976,17.305493603343844,16.465792312823993,7.9179306693311275,13.305132316233056,11.06769173404244,13.471743798424374,17.24231432292699,16.488412834019922,free,1.0,1.0,-100.0,300.0,,
RBE,r33_rbe<=>r34_rbe,(kegg:R01529),13.425289525460927,0.6162508787252087,10.608694276502703,6.131498918262428,10.940130328818343,14.741032183449866,17.00548623277069,0.5179865235078124,10.610346211718864,6.135873469106185,10.941269193709742,14.702393471852625,16.97686586410995,free,1.0,1.0,-100.0,100.0,,
TKT1,r35_tkt<=>r36_tkt,(kegg:R01641),6.712644762730462,0.30812543936260595,5.30434713825135,3.065749459131214,5.470065164409172,7.370516091724934,8.502743116385343,0.2589932617539078,5.3051731058594305,3.0679367345530926,5.470634596854871,7.3511967359263135,8.488432932054973,free,1.0,1.0,-100.0,100.0,,
TAL,r37_tal<=>r38_tal,(kegg:R08575),6.712644762730462,0.30812543936260595,5.30434713825135,3.065749459131214,5.470065164409172,7.370516091724934,8.502743116385343,0.2589932617539078,5.3051731058594305,3.0679367345530926,5.470634596854871,7.3511967359263135,8.488432932054973,free,1.0,1.0,-100.0,100.0,,
TKT2,r39_tkt<=>r40_tkt,(kegg:R01067),6.712644762730462,0.30812543936260595,5.30434713825135,3.065749459131214,5.470065164409172,7.370516091724934,8.502743116385343,0.2589932617539078,5.3051731058594305,3.0679367345530926,5.470634596854871,7.3511967359263135,8.488432932054973,free,1.0,1.0,-100.0,100.0,,
FH,r23_fh<=>r24_fh,(kegg:R01082),78.93301905820401,79.83329024806585,75.48587350361551,80.00002117900803,61.89006413091469,80.2360482305568,79.89889506969273,79.87027121213275,75.39712698376646,80.01517855576652,61.854386952753096,80.26420224499833,79.90014981927419,free,1.0,1.0,-100.0,100.0,,
MDHcyt,r106_mdh_cyt<=>r107_mdh_cyt,(kegg:MDHcyt),-7.299768522010075,22.069519599885606,-18.34651680271796,12.752464130497891,-7.785975056509212,16.247119508339722,2.9399227718075633,22.170522491617536,-18.374419356818674,12.791905050454105,-7.754582686366069,16.271394803895962,2.955200730428228,free,1.0,1.0,-100.0,300.0,,
LDH,r41_ldh<=>r118_ldh,(kegg:R00703),-130.20829775676395,-117.36667837463334,-127.12215959729444,-120.35247612064202,-103.01967147502775,-119.42164889201837,-126.24351110881493,-117.62958519994869,-127.1978841743683,-120.41985019409145,-103.0968876012902,-119.43378192587603,-126.24866546725166,free,1.0,1.0,-1000.0,1000.0,,
GLUDH,r49_gludh<=>r50_gludh,(kegg:R00243),-19.61729254721234,-19.9639899599506,-19.770168828600017,-19.999883706968024,-19.99956703597036,-19.712373096424624,-19.920594563853356,-19.9394018785416,-19.766112496128994,-19.978998743610045,-19.99689843351378,-19.684389813622,-19.91578538942871,free,1.0,1.0,-100.0,100.0,,
Experiment,Fragment_Num,Time,template,GN_CRS2_LM,GN_CRS2_LM,GN_CRS2_LM,GN_CRS2_LM,GN_CRS2_LM,GN_CRS2_LM,SLSQP,SLSQP,SLSQP,SLSQP,SLSQP,SLSQP,Use,Ratio,Stdev
ex1,Ala_0,0,0.3087036296500937,0.3293608329953237,0.28193459339599797,0.31053247428260566,0.3272830049240739,0.33955922349934037,0.2927814239576062,0.3293272774053204,0.2819972287015728,0.3105101989695638,0.3271376372115777,0.33967742816391694,0.2927658363560924,1,0.258224654,0.015
ex1,Ala_1,0,0.09602297036079421,0.10022287200313564,0.10327110232375868,0.10127737816475851,0.09950784880190836,0.09187700513805014,0.10492242090140089,0.10012899612270587,0.10322878085638491,0.10129146752584207,0.09942256128028812,0.0919098655965138,0.10491219942323254,1,0.137214853,0.015
ex1,Ala_2,0,0.11024997405052213,0.10229727404935524,0.11700195746717376,0.10838623924541735,0.10338748681996875,0.09232018713491445,0.11699998836630905,0.10223181347666634,0.11694276674465913,0.10840794066560427,0.10332731723022442,0.09234564323474892,0.11699707193189726,1,0.255659323,0.015
ex1,Ala_3,0,0.48502342593858944,0.4681190209521867,0.49779234681306966,0.4798039083072156,0.4698216594540477,0.4762435842276946,0.4852961667746838,0.46831191299530395,0.49783122369738136,0.4797903928389899,0.47011248427790997,0.47606706300482066,0.4853248922887782,1,0.34890117,0.015
ex1,Asp_0,0,0.12912261124948132,0.137445848352801,0.11212831652625654,0.1269714435686152,0.14372477010023416,0.13926023771714435,0.0914056741787323,0.13740433259972265,0.11218526405225943,0.1269780308922823,0.1435871271071268,0.13933873139345887,0.09140880570009632,1,0.212639346,0.015
ex1,Asp_1,0,0.1842049178268171,0.1964237567006613,0.17707356341692848,0.19130333688117757,0.19309020970316795,0.18671623157440284,0.1886383531897618,0.19635093181387733,0.17708626861860652,0.19129659839003277,0.19300254850294238,0.18675332034825828,0.18861517826462573,1,0.075819785,0.015
ex1,Asp_2,0,0.2017373507221849,0.1769394340773673,0.17623458770587422,0.17215047894198598,0.1698172718639337,0.19784766320368177,0.21787731978094257,0.1769281861766049,0.17615834859386484,0.17215121069631115,0.16977884826396517,0.19791737896679396,0.21786364261978605,1,0.173708823,0.015
ex1,Asp_3,0,0.28033714598730675,0.2341586178108119,0.24746689283890994,0.2428081016493602,0.24275654297743923,0.23441928380388544,0.2808208175785845,0.23419549570094123,0.24748264165407413,0.24282207062923594,0.24277992882652213,0.23434618763248088,0.28080274740090283,1,0.250976622,0.015
ex1,Asp_4,0,0.20459797421420864,0.25503234305835987,0.2870966395120315,0.266766638958855,0.2506112053552207,0.24175658370088474,0.22125783527197862,0.255121053708848,0.2870874770811921,0.2667520893921364,0.25085154729944226,0.24164438165900878,0.22130962601459012,1,0.286855424,0.015
ex1,Cit_0,0,0.043422621142911115,0.05123427072092895,0.0368979408798179,0.04469096050439504,0.05329583891579498,0.050502601747600226,0.02929114471486591,0.05120199893885972,0.036922366089920035,0.04469141974684145,0.05321890733827948,0.05054932601567353,0.029285509341918852,1,0.043526074,0.015
ex1,Cit_1,0,0.08057989112046554,0.09122098026163988,0.07814390726212028,0.0845235087613681,0.09214629361357024,0.09173991720746073,0.07541679259083908,0.0911663121071694,0.07815106433817359,0.08452352329523209,0.09205092469866415,0.09180509730954335,0.07540679177836436,1,0.047177369,0.015
ex1,Cit_2,0,0.1602732173452839,0.15599734870857312,0.13354093288573074,0.14882561138449393,0.1534870212462306,0.15853674709140622,0.1457452224910167,0.15595032626222488,0.13354860605697716,0.14882499218224413,0.15338202177209379,0.1585967651423353,0.1457318363966751,1,0.136644816,0.015
ex1,Cit_3,0,0.22387602099224535,0.2108080879734097,0.20884156113736896,0.20892255025385773,0.21408693799559633,0.21734886973489906,0.2265045134375622,0.21079557313127087,0.2088506791629628,0.20892679041129034,0.21405052567460411,0.21736786601048919,0.226497599424506,1,0.189598393,0.015
ex1,Cit_4,0,0.21036105837236152,0.20770851997806197,0.20286999955692134,0.2102532571236846,0.19798898083391583,0.20557027940126213,0.22701580828156961,0.20771812711854834,0.2028347962854666,0.21024329342620124,0.1980242998008406,0.20553947658535468,0.22702045430449158,1,0.260878878,0.015
ex1,Cit_5,0,0.17710068186736375,0.15250960503915315,0.18369869793779717,0.16294269286334093,0.16062444840898446,0.15771704372146764,0.18164471600414778,0.15257174410066626,0.18368580218587666,0.16295636169924566,0.16071603936702442,0.15764699711387595,0.18165883614123624,1,0.170151251,0.015
ex1,Cit_6,0,0.10438650915936706,0.13052118731823542,0.1560069603402446,0.139841419108851,0.12837047898590306,0.11858454109590236,0.11438180247999838,0.1305959183412521,0.1560066858806185,0.13983361923894325,0.12855728134849267,0.11849447182272888,0.11439897261280947,1,0.15202322,0.015
ex1,DHAP_0,0,0.6320489308223822,0.6757004144338851,0.6671122332321267,0.698527906649369,0.6631591858848263,0.7014364401845478,0.677685451150805,0.675983064772205,0.6670200938780599,0.6985061541530788,0.6631455971131777,0.7003047452025567,0.6777944301866212,1,0.670205091,0.015
ex1,DHAP_1,0,0.08797273773186333,0.07379772675518959,0.09141253812339029,0.05565066078965308,0.09398040700945227,0.09137545422493878,0.09961005839166955,0.0734593581607994,0.0914887024909819,0.0556812186211704,0.0940220112083186,0.09131770147570309,0.09947555675458301,1,0.036558108,0.015
ex1,DHAP_2,0,0.0647565912317275,0.05334220366533549,0.06315274008318517,0.03238643173782415,0.06911011336495175,0.05793006265450183,0.060630875726346206,0.05307282155639857,0.0632355149593506,0.03241540721808243,0.06913350869971795,0.0580652437184936,0.06055046934169442,1,0.159697632,0.015
ex1,DHAP_3,0,0.21522174021402668,0.19715965514558803,0.17832248856129707,0.2134350008231547,0.17375029374076947,0.14925804293601277,0.16207361473117926,0.19748475551059608,0.1782556886716071,0.21339722000766861,0.17369888297878563,0.15031230960324524,0.16217954371710191,1,0.133539168,0.015
ex1,F6P_0,0,0.4806832304973121,0.5539588402284048,0.5394107034427776,0.5542173452388091,0.5478868757166296,0.5314099837786874,0.5487631674438851,0.5544839240822046,0.538724577460614,0.5540363706523679,0.5475555076725871,0.5317012482912993,0.5488532312633776,1,0.573742783,0.015
ex1,F6P_1,0,0.09221903249573749,0.06933420697434145,0.07414292490887532,0.06909365868455672,0.07408272540354738,0.09234173830043126,0.09553772949929709,0.0690790956487532,0.07423148611574892,0.06912963788126221,0.07412017099347931,0.0921074293286982,0.0954346969416467,1,0.06838118,0.015
ex1,F6P_2,0,0.0715730461983729,0.062083393725644496,0.06378579192404152,0.04648103339106078,0.0692445838218889,0.06969027800473022,0.057477690540082574,0.06183458737046554,0.06393026871298117,0.04654813366768869,0.06929831184143231,0.06952402831601547,0.05741090150363674,1,0.063418769,0.015
ex1,F6P_3,0,0.16429200410848732,0.10709518665045357,0.09881094131183082,0.13570334250720004,0.08397477607565976,0.13391672641126365,0.14795895606606765,0.10687212586738892,0.09940317397183411,0.13575448965333176,0.08423756392004209,0.13374062293582728,0.14800195732215202,1,0.188052634,0.015
ex1,F6P_4,0,0.04157404122769573,0.041175543716875894,0.0481080578190934,0.026071122542548047,0.05099355054984828,0.04024962125829407,0.03216318562275085,0.0410566830763906,0.04817572754566813,0.02610547052841034,0.05103775436526333,0.04012001068510416,0.032130571927746154,1,0.028164398,0.015
ex1,F6P_5,0,0.024168581768984197,0.0140105681157789,0.020030463892748356,0.01332831445998044,0.018820300037915797,0.0169214617472549,0.014042543135629233,0.013924321231380049,0.020099397321846662,0.013351852624059623,0.018861717620690856,0.016906255401953885,0.014029775194134224,1,0.019028594,0.015
ex1,F6P_6,0,0.12549006370341015,0.15234226058850017,0.15571111670063223,0.15510518317584457,0.15499718839450988,0.11547019049933974,0.1040567276922875,0.15274926272341455,0.1554353688713055,0.15507404499287994,0.15488897358650505,0.11590040504110068,0.10413886584730739,1,0.059211642,0.015
ex1,FBP_0,0,0.42742843913441747,0.5312060217192255,0.5345125722228565,0.5373814236241767,0.5471970020783891,0.5148496238670695,0.5377130581287897,0.5317046789404553,0.5338603967241189,0.5371857187051388,0.54685481648646,0.5150725525161634,0.537793606734163,1,0.69286815,0.015
ex1,FBP_1,0,0.09661152314807261,0.07332930666555218,0.07471371691414382,0.070994996377123,0.07418652626220065,0.09545213123883342,0.096733429854206,0.07306933847510454,0.07479841767515444,0.07103498104537445,0.07422549757597542,0.09520395913572624,0.09662851152383337,1,0.05249667,0.015
ex1,FBP_2,0,0.08086636626472775,0.06571130938735531,0.06454417721576104,0.04930026922445976,0.06936174033163621,0.07204382172114747,0.05789160659209843,0.06546084156461411,0.06468293818935804,0.04937300354203041,0.06941724551791048,0.07188438943376355,0.057825737386738775,1,0.042930554,0.015
ex1,FBP_3,0,0.22211592200052288,0.13179806249679854,0.10349134145420556,0.15504539063474632,0.08460180000633237,0.15888766026960477,0.16965725043884405,0.1316214495059922,0.10405126803432972,0.15509511184700023,0.08487438700795513,0.1586662497710828,0.16971593141124444,1,0.161663454,0.015
ex1,FBP_4,0,0.04446440088143543,0.04140848489485222,0.04829616820183433,0.0270677120015594,0.051016758974851105,0.03959646425742538,0.031808596932981874,0.04129202917516942,0.04836224283641667,0.027103299666296758,0.05106131221641702,0.03950656622218452,0.031778009761776735,1,0.021392847,0.015
ex1,FBP_5,0,0.028833785031633034,0.016127448204888376,0.02044681700372162,0.014529653683507858,0.01888492675950636,0.01792252663025586,0.01440592920322099,0.016043253919364325,0.02051302252049168,0.014555368978585755,0.01892734956666105,0.01791989827116763,0.014393730301438045,1,0.012589853,0.015
ex1,FBP_6,0,0.0996795635391903,0.14041936663132734,0.15399520698747635,0.14568055445442651,0.15475124558708375,0.10124777201566494,0.09179012884985888,0.14080840841929726,0.15373171402012908,0.1456525162155742,0.1546393916286211,0.10174638464991068,0.09186447288080656,1,0.016058472,0.015
ex1,Fum_0,0,0.13205550343021105,0.1334180371189624,0.10735938342886739,0.12230999896734453,0.13702589952787114,0.1316342654690459,0.11369191583109849,0.13338871743096425,0.107414522740167,0.12232106514001614,0.13690104635991746,0.13170660006511592,0.11367946586559509,1,0.064350926,0.015
ex1,Fum_1,0,0.15220713337156044,0.178259614838143,0.15474605524229057,0.1724517644329,0.1680292600795224,0.15202352167499436,0.1580037925205476,0.17818501313251828,0.15475481249389228,0.1724446013257911,0.16794668710557573,0.15209945101674838,0.15799425694842453,1,0.094662835,0.015
ex1,Fum_2,0,0.23227037198398595,0.21953189516307745,0.2266214372520498,0.21641681390281886,0.22942054180711902,0.2770303676435757,0.23340930323554981,0.21950277729173984,0.22655381318795034,0.21641523676996308,0.229343394925647,0.27704234456514926,0.23340123725695056,1,0.209230122,0.015
ex1,Fum_3,0,0.23715394066895268,0.21799496708563415,0.22529372519381488,0.22568558976917988,0.21650706068466197,0.19806783019329866,0.2243759177555153,0.21801074119768374,0.22528870150857835,0.22569373793856723,0.21653380098272074,0.19805312800900293,0.2243791300776997,1,0.305056232,0.015
ex1,Fum_4,0,0.24631305054528888,0.2507954857941845,0.2859793988829784,0.2631358329277506,0.24901723790082128,0.24124401501908466,0.27051907065728853,0.2509127509470882,0.28598815006940886,0.2631253588256607,0.24927507062613807,0.24109847634398426,0.270545909851331,1,0.326699886,0.015
ex1,G6P_0,0,0.5394107176386055,0.623177166383192,0.6450694660262664,0.6440308533402553,0.666440508958363,0.6324573356772598,0.6058684762562253,0.6234511182660735,0.6449493146737262,0.6439922478523828,0.6663080415135941,0.6325067650809912,0.6059290996910227,1,0.614994291,0.015
ex1,G6P_1,0,0.07991825583596263,0.058333561053677103,0.05573958000019964,0.05494019795179895,0.052351849890253474,0.06485207828813182,0.07707348155540224,0.05819801235629464,0.055749557416036245,0.05494924034144448,0.05237061897370827,0.06477475207375158,0.07700731411489488,1,0.086799289,0.015
ex1,G6P_2,0,0.05300214440661169,0.03384606480597325,0.0234143860251668,0.019189249350893247,0.017303764229113814,0.029405184583761436,0.03666987071473874,0.03371576138860377,0.023418652005311028,0.01920578228049418,0.017340160495250626,0.029364828184625734,0.036626378050216096,1,0.089948484,0.015
ex1,G6P_3,0,0.1209205028158498,0.05740581901123822,0.03504932597845277,0.05386192292827327,0.01985564641444983,0.055120264516698714,0.09322712478539097,0.057291637322177145,0.035184880922857424,0.053851982174508095,0.019947066066540297,0.055102738034811305,0.09325049608942719,1,0.14671163,0.015
ex1,G6P_4,0,0.030597707446734828,0.022067993167402662,0.01705886563424424,0.010345810067089666,0.012049058693211179,0.016563639263363735,0.020264198204349916,0.02200635228688624,0.017046773463759105,0.010353624981923697,0.012077275540467624,0.01652678608574434,0.02024284218051966,1,0.026538779,0.015
ex1,G6P_5,0,0.017787618728708682,0.007508950545411211,0.007102697710701602,0.005289078354503626,0.004446972162862402,0.006963568337492925,0.008847409604608262,0.0074634260591237575,0.007112085076012828,0.0052954446744402405,0.004463326486531664,0.006964257032034891,0.008839012443403788,1,0.013785798,0.015
ex1,G6P_6,0,0.15836305312752685,0.19766044503310518,0.2165656786249686,0.21234288800718593,0.22755219965174608,0.1946379293332924,0.15804943887928452,0.1978736923208395,0.21653873644229654,0.2123516776948067,0.2274935109239075,0.1947598735080402,0.15810485743051622,1,0.021221729,0.015
ex1,GAP_0,0,0.549123468121011,0.5457970823469189,0.4279851686036751,0.5546817548530056,0.42748195157674407,0.6260213316665161,0.7185991589875375,0.5457190379313127,0.4280160298011182,0.5542786937022731,0.4272212884046673,0.6260173620852351,0.7185342780489123,1,0.414776962,0.015
ex1,GAP_1,0,0.08691005383358742,0.0911172083355876,0.09684568750958496,0.08168270272776908,0.11111979346763456,0.07480920061737655,0.04521706800718104,0.09097896123931341,0.09682964076819,0.08179603124211585,0.11109606594508115,0.07470262940891738,0.045194755428526454,1,0.040508818,0.015
ex1,GAP_2,0,0.08177194435671829,0.08253551688538491,0.10075612886311612,0.07429220547502476,0.11182703189682143,0.05660683555925803,0.01729186023015695,0.08244630383477455,0.10073102081798359,0.07444557565698734,0.11184565814029597,0.05654072801521141,0.01730155912365471,1,0.053288498,0.015
ex1,GAP_3,0,0.2821945336886826,0.28055019243211143,0.37441301502362373,0.2893433369441979,0.34957122305879856,0.24256263215684934,0.21889191277512432,0.28085569699459406,0.37442330861270534,0.289479699398624,0.34983698750995573,0.24273928049063584,0.21896940739890716,1,0.491425722,0.015
ex1,Gln_0,0,0.06219741120063995,0.06796731629832774,0.06572702957796647,0.05962293712064418,0.06548097747540643,0.07148786630729387,0.051071047653361464,0.06800505649780185,0.06607781815664301,0.05965682840417585,0.06539061098737069,0.069069831388021,0.051170940148095104,1,0.069515847,0.015
ex1,Gln_1,0,0.09864816446797141,0.11049809161797815,0.09378906215489384,0.10343845848701963,0.11039128948552229,0.11362317221427565,0.09944659281949345,0.11042899712464262,0.0937716334480498,0.1034355464342693,0.11027839836733686,0.11387321215393184,0.09942975230136747,1,0.062503943,0.015
ex1,Gln_2,0,0.23032268162448477,0.22105152857088348,0.19924982542703856,0.21438813026586712,0.22565470660270512,0.2252664178041281,0.21097425302677775,0.22099349163522,0.19920126530381274,0.2143849208095926,0.22554000391420698,0.22595885311611394,0.21093581016959412,1,0.158971827,0.015
ex1,Gln_3,0,0.2551450997956258,0.26878157104468303,0.26682822876127443,0.26983570930238965,0.2660427018479161,0.2655833220633626,0.27096961652289925,0.2687554355253025,0.2667057195152833,0.2698198665325299,0.266073148085282,0.2663216667660534,0.2709382209003134,1,0.250832337,0.015
ex1,Gln_4,0,0.20068962209292016,0.17337049649622435,0.201494403640643,0.18389355102804525,0.18213624417662602,0.18179099079154576,0.1986201608255112,0.17340247036956413,0.2013893110581194,0.1838996479592174,0.18221154936356598,0.18224184102703514,0.1986063761661999,1,0.216829633,0.015
ex1,Gln_5,0,0.15299702081835684,0.15833099597190362,0.172911450438185,0.16882121379602555,0.15029408041181933,0.14224823081939253,0.1689183291519576,0.15841454884746084,0.17285425251808775,0.1688031898602115,0.15050628928223522,0.14253459554884568,0.16891890031443216,1,0.241346413,0.015
ex1,Glu_0,0,0.06218930541312664,0.06796481319083926,0.045056834943669626,0.059622730581930884,0.06548025292458613,0.064246170397993,0.051070435489446134,0.0679906526765518,0.045059081830746396,0.059651013417105235,0.06539061090578717,0.06426659916812277,0.05116598183201772,1,0.043234531,0.015
ex1,Glu_1,0,0.09864859840845906,0.11049826021914062,0.09478617443169936,0.1034384706260969,0.11039133806363076,0.11413873931728655,0.09944662572993154,0.11042996622930816,0.09478554698644111,0.10343588819747546,0.1102783983727957,0.11421560050015109,0.09943001880109684,1,0.046319133,0.015
ex1,Glu_2,0,0.23032477998332013,0.22105215442351164,0.20389388057257904,0.2143881798717274,0.22565489103253786,0.2271191743096847,0.21097439632111215,0.22099709223062855,0.20392435001750187,0.21438631746836007,0.22554000393496082,0.22718814268676626,0.21093697072086562,1,0.130186696,0.015
ex1,Glu_3,0,0.2551474354316972,0.26878233583446076,0.2730818943173568,0.26983577205962656,0.2660429203508664,0.26777837770874396,0.2709698015302182,0.26875983617397237,0.2730644441006972,0.26982163339267823,0.26607314810988547,0.2677776207515123,0.27093971938896455,1,0.24207885,0.015
ex1,Glu_4,0,0.2006914593218094,0.17337098982579985,0.20621704951895212,0.18389359379912248,0.18213639377328872,0.1832935676586588,0.19862029644148876,0.1734053098187204,0.20619099561301146,0.18390085224192057,0.18221154938041562,0.1832381838473867,0.19860747465488957,1,0.247356124,0.015
ex1,Glu_5,0,0.15299842144158632,0.1583314465062483,0.17696416621574435,0.16882125306148718,0.1502942038550854,0.14342397060763137,0.16891844448780388,0.1584171428708107,0.17697558145159795,0.16880429528245697,0.150506289296153,0.1433138530460619,0.16891983460216778,1,0.290824666,0.015
ex1,Lac_0,0,0.3004919253888632,0.32087863515794307,0.2850007796159908,0.30567845633890645,0.3190703886937603,0.32975717978632196,0.2921550369268886,0.32085254700268595,0.28504115030706206,0.3056606159509833,0.3189490800602754,0.3298451701227319,0.29214366538658937,1,0.366044173,0.015
ex1,Lac_1,0,0.05701696611119914,0.0804182489746898,0.06956919748105893,0.07905118575970442,0.07940980380783712,0.07541225141088005,0.07901302366743836,0.08034519544005059,0.0695395409483252,0.0790574865047791,0.07932299125542641,0.0754274689984122,0.07900503361961007,1,0.041877161,0.015
ex1,Lac_2,0,0.0606363890510586,0.08000665743295103,0.07502094726720396,0.08218388836540305,0.08034383201725138,0.07390521797510652,0.08528438145595153,0.07995586495247853,0.07497985734994499,0.08219517554348359,0.08027351251720181,0.07391319876948341,0.08528159305989659,1,0.065831716,0.015
ex1,Lac_3,0,0.5818547194488788,0.5186964584344171,0.5704090756357464,0.5330864695359838,0.5211759754811502,0.5209253508276912,0.5435475579497215,0.5188463926047823,0.5704394513946666,0.533086722000754,0.5214544161670965,0.5208141621093728,0.5435697079339042,1,0.52624695,0.015
ex1,Mal_0,0,0.13860382454804657,0.13598636737913597,0.10950784915178242,0.1251422008269478,0.13923506858201948,0.14032294818080668,0.11664859038351022,0.13596139443417984,0.10956329253198727,0.12515159956650168,0.1391092064127662,0.1403936793527834,0.1166361484703176,1,0.071909588,0.015
ex1,Mal_1,0,0.16329387367489842,0.18983940259163348,0.16480488496479034,0.18381144311560343,0.17629307618101492,0.17835052662155004,0.16940021887888104,0.18977147875906775,0.16481195119182332,0.18380800008176595,0.17621208155849422,0.17840664395940767,0.16939110785116004,1,0.10039488,0.015
ex1,Mal_2,0,0.20231023055307978,0.19237788786796114,0.20392151319936927,0.18970275660772642,0.20976599445384778,0.21127665783961255,0.20691425640102215,0.19232858317633733,0.20385743405705936,0.18969411379596698,0.20968924878544576,0.2113283072775603,0.20690546564531218,1,0.21120041,0.015
ex1,Mal_3,0,0.2538429278950639,0.22829902697317903,0.23528302252152064,0.23598396254449847,0.22516268840490355,0.22431302532014247,0.2357578951085429,0.2283255490886593,0.23528366023974717,0.2359986334284695,0.22519063009848728,0.2242701837332063,0.2357614880117164,1,0.296018602,0.015
ex1,Mal_4,0,0.24194914332891,0.2534973151880918,0.28648273016253833,0.26535963690521774,0.24954317237821003,0.24573684203788754,0.2712790392280435,0.25361299454175007,0.2864836619793797,0.26534765312729425,0.2497988331448055,0.2456011856770429,0.2713057900214946,1,0.320476519,0.015
ex1,Pyr_0,0,0.3087036296500937,0.3293608329953237,0.28193459339599797,0.31053247428260566,0.3272830049240739,0.33955922349934037,0.2927814239576062,0.3293272774053204,0.2819972287015728,0.3105101989695638,0.3271376372115777,0.33967742816391694,0.2927658363560924,1,0.542771176,0.015
ex1,Pyr_1,0,0.09602297036079421,0.10022287200313564,0.10327110232375868,0.10127737816475851,0.09950784880190836,0.09187700513805014,0.10492242090140089,0.10012899612270587,0.10322878085638491,0.10129146752584207,0.09942256128028812,0.0919098655965138,0.10491219942323254,1,0.040347159,0.015
ex1,Pyr_2,0,0.11024997405052213,0.10229727404935524,0.11700195746717376,0.10838623924541735,0.10338748681996875,0.09232018713491445,0.11699998836630905,0.10223181347666634,0.11694276674465913,0.10840794066560427,0.10332731723022442,0.09234564323474892,0.11699707193189726,1,0.064462173,0.015
ex1,Pyr_3,0,0.48502342593858944,0.4681190209521867,0.49779234681306966,0.4798039083072156,0.4698216594540477,0.4762435842276946,0.4852961667746838,0.46831191299530395,0.49783122369738136,0.4797903928389899,0.47011248427790997,0.47606706300482066,0.4853248922887782,1,0.352419492,0.015
ex1,Ru5P_0,0,0.5444291193650734,0.6801384544895448,0.6697572268818202,0.6750864937456812,0.6889461297562819,0.6415111508589704,0.630001073007786,0.6805637918305248,0.6696332404411262,0.6750444663717128,0.6888153233647898,0.6419539038870898,0.6300410130399754,1,0.839958097,0.015
ex1,Ru5P_1,0,0.09877117529725192,0.06908483903274486,0.06078913920174438,0.0558471214286327,0.054933201432915205,0.0740974240107945,0.09211302663437401,0.06898049683047919,0.06078343876476771,0.05585508375567271,0.05496408360734525,0.07399759337043153,0.09202855332642725,1,0.008472259,0.015
ex1,Ru5P_2,0,0.07605763161488195,0.02808125966126744,0.015946532204810772,0.0272691353649921,0.01040917544925781,0.030002397124939816,0.045245314298814635,0.027983046261728504,0.016004967381237783,0.027267942414069136,0.010448408836745072,0.02999061696642721,0.0452531113696132,1,0.027963879,0.015
ex1,Ru5P_3,0,0.09242547853172042,0.035360344442304584,0.02936476853722616,0.03556047892899155,0.016794784181783685,0.04030695545680814,0.05693532927740328,0.035242333058060106,0.029468097584120483,0.03557402643389461,0.016873516892021885,0.04017036272795942,0.0569420893618063,1,0.024797575,0.015
ex1,Ru5P_4,0,0.03853938161872851,0.02074955390368942,0.019181569029982214,0.010712896322985667,0.013329630650252267,0.018962400740309488,0.022672278235585853,0.020723758793282802,0.019171558116802122,0.010721996531775992,0.01336369510729193,0.018902875204986052,0.022649207760256234,1,0.018660657,0.015
ex1,Ru5P_5,0,0.14977721357234391,0.16658554847044837,0.20496076414441616,0.19552387420871614,0.21558707852950937,0.19511967180817874,0.15303297854603654,0.166506573225924,0.20493869771194545,0.1955364844928746,0.21553497219180617,0.19498464784310568,0.15308602514192257,1,0.080147533,0.015
ex1,S7P_0,0,0.37372747144322516,0.4924500786440416,0.48868942807099225,0.5029936142166871,0.49753309778347443,0.4585600489371851,0.4558719063629803,0.49210525117003506,0.4883354876812605,0.5029525161049955,0.4973225679713568,0.4594503696968231,0.4559289335883472,1,0.615287541,0.015
ex1,S7P_1,0,0.1269162571751982,0.07037479286916921,0.08647278568457452,0.0720376246400825,0.08134220267132965,0.09723865293864645,0.12700059946685036,0.0702770989229454,0.08657379718420273,0.07204793161383109,0.0814366259482731,0.09728088169424637,0.12688830998005,1,0.049796934,0.015
ex1,S7P_2,0,0.11879385166249731,0.1706476272463592,0.13207976680663863,0.12381617466534908,0.12255415809198547,0.16465392661724448,0.11951840837777147,0.17019563749209374,0.13121607895698817,0.12382307273838294,0.12237440205384992,0.16361483327903648,0.11948375634357235,1,0.140044784,0.015
ex1,S7P_3,0,0.14694379056702503,0.06450596852451716,0.06512808295534808,0.08610254729783699,0.07019337925259442,0.04760889992496946,0.1024600020409936,0.06522687136970834,0.0661980792587377,0.08610132771019231,0.07046174023665858,0.04848999478813895,0.10251216983478911,1,0.077327465,0.015
ex1,S7P_4,0,0.10256381025328601,0.042317942774853616,0.053694256308472965,0.06105339356153369,0.06754355026031886,0.023779119793003164,0.07093189765256089,0.04303346630783075,0.05486071729148344,0.06105867850038443,0.06781719703520701,0.0251103063740758,0.07096517863973267,1,0.033985674,0.015
ex1,S7P_5,0,0.07154626646918971,0.11003737781063266,0.11695629940472331,0.10197546408765558,0.1037598282002957,0.14846203718259332,0.07751110745578063,0.10938968214942006,0.11584990888019499,0.1019889777238542,0.1035125116274759,0.146652274895331,0.07750328347459394,1,0.056455066,0.015
ex1,S7P_6,0,0.02740015987499455,0.010777963475807601,0.01623137245845501,0.011062590743446541,0.014682325549060068,0.017550975625185154,0.018858775533614057,0.010822787018295891,0.016264454703821415,0.011068037836575336,0.014713699295021703,0.017488300860257208,0.018849557742594558,1,0.00936383,0.015
ex1,S7P_7,0,0.03210839255458404,0.038888248654616764,0.04074800831079447,0.040958590787407684,0.04239145819094144,0.04214633898117492,0.027847303109448825,0.03894920556966978,0.04070147604331012,0.040959457771783475,0.0423612558321571,0.04191303841208979,0.027868810396321417,1,0.017738706,0.015
ex1,Ser_0,0,0.7414478945868257,0.7252684928621493,0.7287210649272126,0.7266210819316423,0.7269220547903867,0.7197761633326379,0.7232575242736742,0.7229345235775555,0.7274327792840627,0.7268862102458251,0.7220401606645512,0.7209275170534134,0.7154638562204317,1,0.705035003,0.015
ex1,Ser_1,0,0.0632913315376418,0.06730971606285574,0.06110281048641364,0.0622660315547296,0.06784409117352233,0.06994260471868942,0.06741234983723483,0.06757490327803078,0.06125645609135467,0.06226974747200427,0.06855083179574036,0.06972476839371712,0.0685373605319465,1,0.105976174,0.015
ex1,Ser_2,0,0.047907914956048785,0.04950334835881251,0.04593020490096726,0.04540066044317114,0.051295724780776056,0.051170833134385744,0.051560599438342083,0.04992133811175173,0.04616619870877531,0.045398902246858074,0.05230875034525834,0.050910114199863764,0.05318399632455342,1,0.073504923,0.015
ex1,Ser_3,0,0.14735285891948316,0.1579184427161837,0.16424591968540642,0.1657122260704551,0.1539381292553142,0.15911039881428657,0.15776952645074832,0.15956923503265885,0.16514456591580617,0.16544514003531283,0.15710025719445006,0.1584376003530058,0.16281478692306997,1,0.1154839,0.015
ex1,aKG_0,0,0.06217759440983674,0.06795652507479207,0.0450198587827343,0.05962252817267901,0.06547950181189949,0.06420873169694764,0.05105578982889987,0.06794293998175908,0.04504877053136301,0.05964531474070542,0.06539061082121542,0.06424497465828269,0.05104735476478244,1,0.073492011,0.015
ex1,aKG_1,0,0.09864922535290711,0.11049881847962557,0.09478795812966012,0.10343848252246979,0.11039138842260153,0.11414140473749754,0.09944741309274874,0.11043317639099558,0.0947860443886579,0.10343622312477514,0.11027839837845452,0.11421714195803256,0.09943639477245893,1,0.049859554,0.015
ex1,aKG_2,0,0.23032781163042218,0.2210542267033617,0.20390218815426814,0.2143882284857858,0.22565508222352584,0.22712875283904999,0.2109778245535305,0.22100901921214386,0.20392666705215798,0.2143876861913272,0.2255400039564749,0.227193677040135,0.21096473675908628,1,0.13672379,0.015
ex1,aKG_3,0,0.25515080988996813,0.268784868153372,0.27309308127268683,0.26983583356211766,0.26604314686408465,0.2677897258836901,0.2709742277211843,0.26877441333396535,0.27306756354193656,0.26982336491230285,0.2660731481353902,0.2677841755649887,0.2709755705350395,1,0.22210588,0.015
ex1,aKG_4,0,0.20069411369604898,0.17337262330450187,0.20622549768875054,0.18389363571505005,0.18213654885413066,0.1833013358012086,0.19862354097374926,0.17341471550132506,0.20619335120690738,0.18390203243670625,0.18221154939788248,0.18324266945710457,0.19863375585391238,1,0.248549512,0.015
ex1,aKG_5,0,0.15300044502081556,0.1583329382843479,0.17697141597190133,0.16882129154188916,0.1502943318237532,0.1434300490416046,0.168921203829887,0.1584257355798029,0.17697760327897286,0.1688053785941799,0.15050628931058058,0.14331736132145753,0.168942187314722,1,0.269269253,0.015
