tissue,sex,Glycolysis_mean,Glycolysis_sem,Glycolysis_count,Oxidative_PPP_mean,Oxidative_PPP_sem,Oxidative_PPP_count,Non_oxidative_PPP_mean,Non_oxidative_PPP_sem,Non_oxidative_PPP_count,TCA_Cycle_mean,TCA_Cycle_sem,TCA_Cycle_count,Pyruvate_Dehydrogenase_mean,Pyruvate_Dehydrogenase_sem,Pyruvate_Dehydrogenase_count,Fatty_Acid_Oxidation_mean,Fatty_Acid_Oxidation_sem,Fatty_Acid_Oxidation_count,Fatty_Acid_Synthesis_mean,Fatty_Acid_Synthesis_sem,Fatty_Acid_Synthesis_count,Malic_Enzyme_mean,Malic_Enzyme_sem,Malic_Enzyme_count,IDH_NADPH_mean,IDH_NADPH_sem,IDH_NADPH_count,Lactate_Dehydrogenase_mean,Lactate_Dehydrogenase_sem,Lactate_Dehydrogenase_count,Glutaminolysis_mean,Glutaminolysis_sem,Glutaminolysis_count,Alanine_catabolism_mean,Alanine_catabolism_sem,Alanine_catabolism_count,Aspartate_catabolism_mean,Aspartate_catabolism_sem,Aspartate_catabolism_count,Leucine_catabolism_mean,Leucine_catabolism_sem,Leucine_catabolism_count,Isoleucine_catabolism_mean,Isoleucine_catabolism_sem,Isoleucine_catabolism_count,Valine_catabolism_mean,Valine_catabolism_sem,Valine_catabolism_count,Serine_catabolism_mean,Serine_catabolism_sem,Serine_catabolism_count,Glycine_catabolism_mean,Glycine_catabolism_sem,Glycine_catabolism_count,Threonine_catabolism_mean,Threonine_catabolism_sem,Threonine_catabolism_count,Methionine_catabolism_mean,Methionine_catabolism_sem,Methionine_catabolism_count,Proline_catabolism_mean,Proline_catabolism_sem,Proline_catabolism_count,Arginine_catabolism_mean,Arginine_catabolism_sem,Arginine_catabolism_count,Histidine_catabolism_mean,Histidine_catabolism_sem,Histidine_catabolism_count,Lysine_catabolism_mean,Lysine_catabolism_sem,Lysine_catabolism_count,Phenylalanine_catabolism_mean,Phenylalanine_catabolism_sem,Phenylalanine_catabolism_count,Tyrosine_catabolism_mean,Tyrosine_catabolism_sem,Tyrosine_catabolism_count,Tryptophan_catabolism_mean,Tryptophan_catabolism_sem,Tryptophan_catabolism_count,Cysteine_catabolism_mean,Cysteine_catabolism_sem,Cysteine_catabolism_count,Asparagine_catabolism_mean,Asparagine_catabolism_sem,Asparagine_catabolism_count
BAT,Female,0.6368688855273715,0.01622983792064104,5,0.6355948688177032,0.03692273694611527,5,0.9054082154270127,0.01366502323226182,5,0.9025411899549759,0.010339426210488016,5,0.957909491832635,0.025451062295130583,5,0.9132570195492453,0.023973200782262765,5,0.5936878630788007,0.01816209856442506,5,0.4522284901153631,0.021432437175570904,5,0.23923378010832694,0.010398812462517825,5,0.653916841284149,0.023767965292174707,5,0.06704430200718456,0.00044535341514721825,5,0.08349847252074598,0.0032019511921168543,5,0.05,0.0,5,0.47632194517181414,0.012801519469806484,5,0.3942773093701736,0.018328318282105748,5,0.5836760684045639,0.01910564876493785,5,0.14343630021507586,0.0030916264984790216,5,0.16166300196750197,0.0016084604667619472,5,0.09755088708714402,0.0015185221793957997,5,0.09864719579173224,0.0019039422000357742,5,0.1198011015525688,0.005180242245463626,5,0.05,0.0,5,0.05,0.0,5,0.07563314692782616,0.0016765530590239714,5,0.05,0.0,5,0.05,0.0,5,0.05,0.0,5,0.15504344614047022,0.004397523325009242,5,0.10693730673865884,0.0011695260272087287,5
BAT,Male,0.6193766586977771,0.0414322681525921,5,0.7765188978524888,0.058613455789452276,5,0.9092672451635094,0.04369508254197486,5,0.8717089784901979,0.022856767249843684,5,0.8190889701907895,0.05327422441983308,5,0.8170957419182662,0.02644003756460608,5,0.7193206201355202,0.03509101526273305,5,0.4688722874421914,0.018407385220756817,5,0.2549836483151466,0.025029287239349055,5,0.6645301078141013,0.06318795930486736,5,0.07654028817379774,0.0033694768354379434,5,0.12814584650053246,0.007884029675806285,5,0.0564802134383731,0.0064802134383731,5,0.5215261305960586,0.035125789840459505,5,0.4098279717888592,0.02403702583809706,5,0.6171116872113658,0.030768142720983837,5,0.16163385315247666,0.011653009881229687,5,0.15931123499892896,0.006095226794405214,5,0.09956442632015014,0.004181958639381769,5,0.10032101111649219,0.002705871352964918,5,0.16060820054897762,0.008585445418734778,5,0.0578781968397817,0.001832779050358761,5,0.05,0.0,5,0.08736232328431351,0.004335221310656064,5,0.05,0.0,5,0.05,0.0,5,0.05,0.0,5,0.1906199779625699,0.012304398791769882,5,0.1293745671997018,0.010852031782866286,5
CB,Female,0.5008854834139977,0.010198846032083337,5,0.12022254613028352,0.0023446748337269197,5,0.08210523900572349,0.0012039587967008667,5,0.2959695429755313,0.0029117329035332853,5,0.2597069571876935,0.005277199332191583,5,0.12503965153060387,0.0020357167742004892,5,0.11321552829109505,0.0012037156364039276,5,0.43975199471464144,0.007938394733331905,5,0.05,0.0,5,0.579526122653385,0.0064026528167146395,5,0.43318778831723914,0.0071448311785956755,5,0.13059381062943284,0.0052179369191446565,5,0.38775121491970366,0.012375850765113737,5,0.39683815458118415,0.008612640279361374,5,0.308400452979894,0.00430812686742395,5,0.2514012707271533,0.005635698819712124,5,0.10038765866205634,0.0038952400733325413,5,0.4811672456168258,0.005429447571441289,5,0.05236420672119868,0.001269436077451385,5,0.16011672762514562,0.0019102240920126125,5,0.11255742465186172,0.00272229781414195,5,0.07648965550167122,0.0012907949540380043,5,0.05,0.0,5,0.156223648757686,0.017112916879330014,5,0.05,0.0,5,0.05,0.0,5,0.05,0.0,5,0.13916790720884512,0.002227910966323536,5,0.4963171952449724,0.01040348438382094,5
CB,Male,0.4725170406092225,0.00952585818005914,5,0.12018367614203229,0.0038282361875219438,5,0.07894535073052986,0.0018899502630177632,5,0.28698507992094846,0.00844994153267286,5,0.2589949123685681,0.011559307815445884,5,0.10976329877674362,0.001087312819381814,5,0.11344063406465685,0.0014419481579470916,5,0.4663566600599685,0.031297462932899214,5,0.05079537767493503,0.0007953776749350192,5,0.6022258590844302,0.01446247461085839,5,0.38986350857435215,0.014802347060608088,5,0.1300690181609999,0.004600017792192336,5,0.3823827119511093,0.004401222108137272,5,0.3904700429701176,0.019618829242203952,5,0.2909618490944769,0.020367039056059223,5,0.24806146151030636,0.0071817806396623765,5,0.11668305979864954,0.006335426159743479,5,0.44772887318340465,0.021333594649519713,5,0.06127130456894904,0.004191012034704316,5,0.17669199179669026,0.004721469355734996,5,0.1196937723666683,0.0038133659262838807,5,0.07350988402360532,0.0020550361219839578,5,0.05,0.0,5,0.15090516378838104,0.007132510049353506,5,0.05,0.0,5,0.05,0.0,5,0.05,0.0,5,0.13826283335965336,0.0007944351635244418,5,0.4942967254718014,0.009784708256712498,5
Cor,Female,0.5017311522714658,0.015445763249392992,5,0.08273359036326908,0.002909109400360497,5,0.07803279029495983,0.0020025110728968958,5,0.2581925785364808,0.005375569155490779,5,0.24724824842667187,0.006638851072898461,5,0.10014761363219034,0.0012375787132806407,5,0.10679555960213467,0.0008841504854386027,5,0.6972353509173146,0.056790451560590885,5,0.07360824068933658,0.004102449995550453,5,0.4995383504634513,0.017799538934743498,5,0.4246841277286101,0.009019540203637127,5,0.14303775325212298,0.0065468260130463725,5,0.4577648742632934,0.017955230453507717,5,0.2648932659815292,0.009601332396200715,5,0.24274096712873225,0.004839295837044131,5,0.18166594600212269,0.005250943982706572,5,0.060933871197003955,0.0009728333733019137,5,0.3249226339940771,0.019549847199001207,5,0.05,0.0,5,0.16919972120522478,0.006729339793775999,5,0.07310297709635676,0.001815170704657466,5,0.0649591510187825,0.0010605616893407377,5,0.05,0.0,5,0.16468302866317447,0.015134957210356995,5,0.05,0.0,5,0.05,0.0,5,0.05,0.0,5,0.15116743471261793,0.003026978508804225,5,0.6022887321350614,0.018973823806994958,5
Cor,Male,0.5106558619484927,0.028711223656733644,5,0.09247591007518112,0.004289994761759326,5,0.0880642419676878,0.006212660636308039,5,0.2505437821281985,0.012891974115130217,5,0.19970272727910446,0.02599586248470513,5,0.10153679848447664,0.0022721080400796793,5,0.09362875157806404,0.00841894892229565,5,0.8108146567057986,0.057246380037010006,5,0.05163274255776738,0.0010006692954438107,5,0.5628135395657884,0.02596942746759026,5,0.34798376721278224,0.052361815460562164,5,0.1276091727362361,0.02193522676211307,5,0.4558662155329154,0.0460834299057931,5,0.23710618312235301,0.01890123799652192,5,0.20887584360553219,0.02476778228331191,5,0.15270606520967733,0.00967397076422726,5,0.06668578348783692,0.00023811403165491598,5,0.31303731922091094,0.03440313683528227,5,0.05000750844806072,7.508448060719741e-06,5,0.16860564271616238,0.00823478052110949,5,0.0851264105153424,0.0026838691160950496,5,0.060829961247878164,0.0028917400946727955,5,0.05,0.0,5,0.13435363805955075,0.007687354319815798,5,0.05,0.0,5,0.05,0.0,5,0.05,0.0,5,0.15010499912657407,0.00809011764217552,5,0.6370655715142227,0.03655639759175343,5
DP,Female,0.259158608836752,0.028215704744287695,5,0.092917491126435,0.007445003425158083,5,0.07204871977492824,0.004348753483890393,5,0.4178522808739868,0.04646287220732181,5,0.34766327124827084,0.035241998502511404,5,0.41959193406052486,0.0535664703260852,5,0.08431009112230084,0.0026193215408690336,5,0.4053209330690654,0.05850213691172559,5,0.4263465086471978,0.04966181887613186,5,0.38408620109031294,0.05263886640615058,5,0.2779346020151487,0.04808502638626612,5,0.2022836423777869,0.04436593388411124,5,0.5195172401848578,0.06044264019205417,5,0.31801657459641863,0.02644260701569089,5,0.2956064938356081,0.019356426697870174,5,0.29466587148456097,0.024498881411785432,5,0.1380384473345955,0.0353277607114153,5,0.21332736409122705,0.05440064778650767,5,0.07093316892121015,0.009463639462784572,5,0.2011103062986031,0.05180128094455569,5,0.19859257952764978,0.061889353537751796,5,0.18495202614711412,0.05499868671128596,5,0.15323203457085258,0.06270653584452239,5,0.17420854136152086,0.03604106369377018,5,0.13182581972221896,0.04934073943766672,5,0.12228419288520578,0.04483273485873567,5,0.17848930494081555,0.07020352609444461,5,0.1873695390142914,0.024113739583173328,5,0.18997654410819706,0.02059002303850026,5
DP,Male,0.3044562475756442,0.02621499815420879,5,0.1050963465026427,0.011715064571047606,5,0.07599570140076643,0.006191225598357007,5,0.4976548288385859,0.02822221637030601,5,0.3670866663417937,0.016526121845222324,5,0.48414774077552936,0.027483670768186516,5,0.09565350228777561,0.004918335664435265,5,0.5962036895868272,0.06606513214716563,5,0.526957473834252,0.043135593877500225,5,0.47416564457583527,0.04239235493958682,5,0.25212796434588325,0.02561807769110444,5,0.26385134060621473,0.03283590146784585,5,0.821282998742905,0.034832288294604746,5,0.3546192304968362,0.0136140005126234,5,0.3366854058714931,0.004050945187448333,5,0.3264205368387239,0.01131511878078115,5,0.10141592068773833,0.018969776148272194,5,0.15291825471763737,0.025560708639859923,5,0.05625537450928926,0.005844782278917994,5,0.13612501594307141,0.03180523954445223,5,0.13312367215125112,0.025805989279435258,5,0.1366463638019148,0.03492900370945392,5,0.08459547084879238,0.027764144195285837,5,0.13064802676482395,0.02283443375270528,5,0.08527961117669339,0.030181914951596646,5,0.08136267543630113,0.026354874421006702,5,0.10380705553812195,0.04586456307519544,5,0.23677581103641146,0.022044036843296432,5,0.23294387730454913,0.012417868821875427,5
GUT,Female,0.2762918879141483,0.052242896095004196,5,0.14444372803852482,0.018019006441496344,5,0.1916873798015415,0.027437109855082166,5,0.36006175006919083,0.0641807615965875,5,0.13805863745876815,0.021886457041768774,5,0.19367507893689065,0.031471149461627206,5,0.05611485469264564,0.004989419810202167,5,0.8076097438591265,0.160723950639288,5,0.24102056906662433,0.03802675387945059,5,0.6071229033929889,0.115409898252645,5,0.20119908244879783,0.04031146952319818,5,0.2649568588430288,0.051686014739852175,5,0.10032581071741482,0.022504654479394343,5,0.07777754733657047,0.0030683148798284587,5,0.05740016359254522,0.004914217727410717,5,0.0676475512295461,0.0035885713490362453,5,0.16292579949834288,0.023716753432705268,5,0.11096015366786523,0.007352288240544459,5,0.13071238442221875,0.021654108468470146,5,0.11301296225707971,0.006780765436272767,5,0.14936957157907826,0.035686220159562874,5,0.5259408342988177,0.10064631592717349,5,0.05,0.0,5,0.08176624208780145,0.006386114744150048,5,0.05,0.0,5,0.05,0.0,5,0.05,0.0,5,0.06908310733879666,0.007807285320247959,5,0.13666832033611728,0.01039311199932068,5
GUT,Male,0.32629198422648725,0.03513103631327362,5,0.16354822363276306,0.015597089509287487,5,0.22083415161914094,0.027309650110889004,5,0.4166366809178525,0.03431178180415795,5,0.13899219655738168,0.02299532908625529,5,0.23126450925717598,0.006303836726249192,5,0.05744285192537056,0.003599790419223364,5,0.7244466745591821,0.12702267103008072,5,0.26573237353686235,0.04086188149902137,5,0.6866139603883479,0.08941405750947483,5,0.2051095533440171,0.026798752899888856,5,0.3318389285005547,0.03992889676407973,5,0.12433539946777535,0.015357480707622427,5,0.07756101511305352,0.0013641863608535802,5,0.056711047042346384,0.002565046904374143,5,0.06715714423710628,0.003036362624979072,5,0.20656135239192444,0.01984659862939358,5,0.11751166012249761,0.004756555816053378,5,0.1655557007282879,0.041691911048946005,5,0.11496568969886645,0.0071684540411432905,5,0.1427784006290603,0.01873896763570084,5,0.5790767657649541,0.04696348967518394,5,0.05,0.0,5,0.07522749914608992,0.003821679697653096,5,0.05,0.0,5,0.05,0.0,5,0.05,0.0,5,0.07825281354902032,0.004828745827102134,5,0.15552924535611537,0.012425059512074893,5
Gas,Female,0.6968456108076502,0.01327120138037148,5,0.0652710479147302,0.0017936247910317101,5,0.0615333085991121,0.0016355927312255005,5,0.3612575573303696,0.006859471302355687,5,0.29690669556160165,0.007501837671957776,5,0.23181830629969608,0.01235345546032302,5,0.09718267145067604,0.013706686068539607,5,0.5348884484423438,0.01023126695006618,5,0.11920718214579247,0.01473757067680078,5,0.8872373687442334,0.031649692845600555,5,0.1574695042867153,0.0033312110004745836,5,0.4576110810724849,0.02565739021179295,5,0.41099369689328424,0.02452578475818935,5,0.2387460055415315,0.009046430237542449,5,0.21907258086381926,0.01208778588314643,5,0.24048500978353865,0.008155022272996932,5,0.07040214993149993,0.0026124771577868576,5,0.12541036171056558,0.004011787462102853,5,0.05,0.0,5,0.09750671598003874,0.002514908142659251,5,0.09652162073655433,0.005319994625678561,5,0.08954000421346711,0.0024296680914000324,5,0.052399046430716245,0.0023990464307162393,5,0.10236866186682406,0.0061899704116075635,5,0.050405476992436936,0.0004054769924369405,5,0.05,0.0,5,0.052371605227489036,0.002371605227489039,5,0.1431003281846753,0.004242078444065774,5,0.1431003281846753,0.004242078444065774,5
Gas,Male,0.6856131148748246,0.06074634535699873,5,0.06543576588332153,0.002052271347428866,5,0.061285774464372,0.0033062545162379125,5,0.3522740039041315,0.019721908032674224,5,0.26632570159733526,0.01063540934496059,5,0.21753485122063848,0.010207096859543888,5,0.08648678286578212,0.003265073390592638,5,0.47240432992834275,0.034771420877470406,5,0.10349767511365786,0.011316887985673636,5,0.7877938389205607,0.08097135602389677,5,0.14219682116050641,0.006311925594879979,5,0.38604847174072066,0.02158089710005112,5,0.431776748640868,0.05324412791312265,5,0.2571622568002921,0.012498373628706656,5,0.2383002033686096,0.009022044932202638,5,0.2380384206633434,0.006146237117005768,5,0.060488403609926154,0.001636905052458143,5,0.11938148809232944,0.0029156739860155658,5,0.05,0.0,5,0.09214063122585436,0.0012082767520354488,5,0.08558434542455322,0.0038011736561241183,5,0.09010796606980154,0.003751547594181906,5,0.05,0.0,5,0.08971149723768458,0.005970166041901146,5,0.05,0.0,5,0.05,0.0,5,0.05,0.0,5,0.14579605720683037,0.009115195211651278,5,0.14579605720683037,0.009115195211651278,5
H,Female,0.2687799803322394,0.00955216525089152,5,0.08110963431717202,0.0025353572643786776,5,0.05666449578723454,0.002416140952839423,5,0.6170963544751074,0.019141617312284906,5,0.39257069492743757,0.016805811103371062,5,0.5833784167602956,0.023120639048409115,5,0.19240246494410382,0.014266300022648847,5,0.7317172333180871,0.03923158634334243,5,0.772847971400162,0.025958417962854433,5,0.7501488089690488,0.02191057384676816,5,0.13832576334480656,0.003168388086314685,5,0.05,0.0,5,0.6852014606487071,0.034621811139951934,5,0.32717948497812194,0.012697175950457863,5,0.21190297625439092,0.0021844219338982567,5,0.25220019810265154,0.0033593013380962015,5,0.08761255574165534,0.007552259114229057,5,0.11219900476269537,0.00150028439190548,5,0.06272588558510764,0.0033557323864486185,5,0.09043825044461881,0.0014088392826075414,5,0.07785339520588241,0.0018310275943765578,5,0.07390203951127382,0.002096238020849183,5,0.05,0.0,5,0.09223060985131029,0.002849205818775164,5,0.05,0.0,5,0.05,0.0,5,0.05,0.0,5,0.18486951974067134,0.004564364777514793,5,0.18486951974067134,0.004564364777514793,5
H,Male,0.31450688895265116,0.02076501840298878,5,0.0904522495639887,0.0006818893500399741,5,0.06099427739911127,0.0014625741131759227,5,0.6999880237021643,0.03510475550847301,5,0.3739235022670634,0.014470975125053824,5,0.6846744684190911,0.029071339554976455,5,0.21602566959794292,0.01645971146906323,5,0.8671748742186309,0.06459322853619959,5,0.9274828004391132,0.06385327057349899,5,0.9132337462704557,0.06759389320597571,5,0.15386300597043323,0.005950163518964463,5,0.05326866193823347,0.00133574767872009,5,0.9232317680414897,0.05880646169196809,5,0.425970908693162,0.0197188476686815,5,0.2650191866091115,0.005628932028236805,5,0.29753817523845916,0.006158019719214765,5,0.10597497009826055,0.006436595144736426,5,0.12114986208869989,0.0011807283704496296,5,0.06666780926029017,0.0025494111817261217,5,0.09139254604329237,0.003044226903247815,5,0.09391996565765254,0.0024744336801858953,5,0.08174092224741407,0.0016339989230703667,5,0.05,0.0,5,0.09967133967457417,0.003113505304843156,5,0.05,0.0,5,0.05,0.0,5,0.05,0.0,5,0.21436892830406834,0.007203314859140772,5,0.21436892830406834,0.007203314859140772,5
HC,Female,0.4659533130860086,0.010753537945808588,5,0.07783285902910922,0.002326093972428583,5,0.08154857312478384,0.0013992379731149291,5,0.24447605553743101,0.003703159170454164,5,0.27138129500583136,0.005754070861896926,5,0.11025019655532804,0.0012079611959186032,5,0.10153636527873086,0.000778045422565105,5,0.6072572038420491,0.00450695866923124,5,0.07038455617188626,0.0031307811022803275,5,0.294803304988176,0.008283829347054152,5,0.4069536199459634,0.008412839898631862,5,0.17154352596927575,0.007589125984911598,5,0.3757816028777135,0.011907922881206859,5,0.3146010837676477,0.006129472350063347,5,0.2736107099174062,0.006574893986371023,5,0.19256166119849732,0.0029422152576935733,5,0.06697980483182556,0.002381835485932373,5,0.3282209759493433,0.011938598694942135,5,0.05173484383533754,0.0017348438353375392,5,0.1503332115666977,0.0022485533778189544,5,0.07304784438133688,0.0024014678108266276,5,0.06454444351860153,0.0008858699508764249,5,0.05,0.0,5,0.17711577440035448,0.013913045053221591,5,0.05,0.0,5,0.05,0.0,5,0.05,0.0,5,0.13700454917568586,0.0021698876153355964,5,0.498496867700129,0.00966599435794222,5
HC,Male,0.541822517595674,0.02656867159627029,5,0.08881465901451138,0.0028891951147532063,5,0.08706146012734228,0.0017249077589514333,5,0.25339191917658815,0.0077353738713837345,5,0.25752638654331317,0.0057075104223683485,5,0.11639023877123231,0.002704537800016392,5,0.09916678011169851,0.0029281824562639443,5,0.6929664074808152,0.018454189418757226,5,0.0699553536022691,0.006979505589624487,5,0.3245029656167401,0.0033934507774336597,5,0.3872163605663894,0.01546132607884874,5,0.1659854966445087,0.006906960150222583,5,0.41614469108659796,0.019265259866063172,5,0.33230925928278515,0.014490016852938782,5,0.2606678230297369,0.018936085734252376,5,0.17972732569510821,0.008253939609938102,5,0.07034351130512814,0.002143822753046279,5,0.3789376778871075,0.019311887612249126,5,0.05,0.0,5,0.15412631014392428,0.0032442281762652208,5,0.08470409892066896,0.0018766631460019744,5,0.06536515201280062,0.0017610325103980984,5,0.05,0.0,5,0.16751242114863937,0.013335927649293526,5,0.05,0.0,5,0.05,0.0,5,0.05,0.0,5,0.14408713662160685,0.0033960129017826714,5,0.5396561185216759,0.020352741507491386,5
KD,Female,0.35919753820469164,0.019110399188705374,5,0.13656669370163615,0.007444123208006145,5,0.13569808809484574,0.007004981588481177,5,0.6125846652412351,0.02791583362310113,5,0.3232505982615038,0.025376066435529882,5,0.5496718178818136,0.023987520039138274,5,0.0541627031180123,0.0008213553554476459,5,0.5457895004319765,0.03884754367115406,5,0.6620309678984468,0.08106985764734939,5,0.7725403648211867,0.039374876805571904,5,0.5975086030261769,0.026858809866139813,5,0.15619732196813074,0.0081982125959975,5,0.3712928823340814,0.031840805232205956,5,0.553385512219254,0.033712869582453314,5,0.3209176199585637,0.009025836656161475,5,0.39174422837053735,0.008409251165059504,5,0.20321375803909927,0.010631297621112354,5,0.838659278515322,0.037364490201368165,5,0.05416826722227772,0.0017694964084093827,5,0.3025823412867432,0.0072188163593870855,5,0.7980748710298678,0.05389611767120238,5,0.1338867000557194,0.005257007959565241,5,0.08013916462410717,0.002032000712604173,5,0.5308033903509113,0.019942309456456347,5,0.1651958518558942,0.003400581122155829,5,0.1059964581955791,0.0018143795304375637,5,0.19773899840284184,0.005495055734249893,5,0.1372604275941017,0.0051891579648679865,5,0.1356910237780138,0.006176369944768535,5
KD,Male,0.33657255646826273,0.010896434842936089,5,0.1876335283009272,0.010026367811927244,5,0.15248954445856586,0.0078215856081372,5,0.6268967308540928,0.00995640582858586,5,0.2543413229977207,0.011169393206354303,5,0.6398498245229154,0.02198582848820477,5,0.057766470060116815,0.004365215288907759,5,0.6287035625349393,0.051772164921209,5,0.5032703011139716,0.028224575453561117,5,0.9554366097162047,0.012073216374113805,5,0.636489432382942,0.017800136577757742,5,0.16996914856397694,0.011515192242620311,5,0.4483207758897082,0.018454521825996585,5,0.6895680527975807,0.014445979045236158,5,0.34145574670777545,0.002892852975332755,5,0.44349992609346095,0.0085254225931723,5,0.33203786671195795,0.013442897149887523,5,0.9070528121667282,0.02194066928179296,5,0.07669048190669761,0.0029320707964030236,5,0.41486300428357614,0.01299232879374808,5,0.9244257897475473,0.027632704261498275,5,0.09952890692910807,0.0022693358400065963,5,0.06410892859065173,0.0016910906896614362,5,0.7309582203170265,0.0266914983008506,5,0.18074475314899402,0.011981105372093464,5,0.12541171460772832,0.008505412496079274,5,0.18892976757817542,0.006419611654501789,5,0.15046145430333013,0.002977930250633354,5,0.18195352004301737,0.011815186511139103,5
LUN,Female,0.13913929964740138,0.007853787911801144,5,0.15282300201926477,0.007044993482108223,5,0.10614427179520217,0.005208354874301797,5,0.15066627150519443,0.0036573764479488234,5,0.13133995049296762,0.0067305562430765385,5,0.12498831585662765,0.0028943553289776393,5,0.08893208362875454,0.0023116598897922748,5,0.0645013342463386,0.005782691300129126,5,0.12113776002911107,0.0023540473791700627,5,0.18862625615506667,0.014036207259900138,5,0.1425164662667364,0.0035055347405906017,5,0.05487966034898635,0.0021753829782151504,5,0.10025248477075979,0.008164639231550874,5,0.1992650038288632,0.007078171487633391,5,0.16251208138916223,0.004272835052799176,5,0.1373853883404043,0.0061492169223390115,5,0.07190485561794455,0.0014052969006198973,5,0.14503403361213388,0.006844252241940464,5,0.05,0.0,5,0.12498153884918688,0.0045924455102721775,5,0.0864080317384514,0.0058520299959323625,5,0.1052256320624061,0.001777637949203585,5,0.05,0.0,5,0.11797546430849164,0.0064502218025874036,5,0.05,0.0,5,0.05,0.0,5,0.05013298095073214,0.00013298095073213935,5,0.08539169185190576,0.0026928715539929747,5,0.12972204219173464,0.0069313278937954146,5
LUN,Male,0.1294919501789018,0.006464600767744774,5,0.14822386480607486,0.006592891533636045,5,0.09915794448779207,0.005398229905978344,5,0.14033471484166854,0.005726859936424655,5,0.11711332059553743,0.003977310481033542,5,0.11529774571072857,0.006036810956218535,5,0.09389380363074282,0.001817253366472536,5,0.0606020561746761,0.004284295738342131,5,0.11539017779249913,0.008336482716224619,5,0.17299102985825918,0.004965094893815785,5,0.14412284009426385,0.0031056402347861916,5,0.05541630447846294,0.0028469251726134107,5,0.08964926945449542,0.006879203249082927,5,0.17748223819822412,0.002821698996590019,5,0.14708796921788125,0.00463160872917274,5,0.12876833916504066,0.004531952852882809,5,0.06806020739268037,0.001329784346185792,5,0.14906575323058907,0.0020155411425821766,5,0.05,0.0,5,0.13080155405116897,0.002505451262478948,5,0.08076492608240936,0.006438694790736258,5,0.10646090836336755,0.00044218883024944785,5,0.05,0.0,5,0.11692658935276298,0.005020745122038063,5,0.05,0.0,5,0.05,0.0,5,0.05,0.0,5,0.0837627208078185,0.0034459586619532815,5,0.13114622182792754,0.003116999990010167,5
LV,Female,0.2564985158214491,0.003205995858431172,5,0.10427133894694593,0.0020633811380785746,5,0.07443353190097968,0.0013987796748919363,5,0.33367111157113705,0.012150339569024417,5,0.11392494450638076,0.012238763562675867,5,0.5182617477215598,0.016043561958678322,5,0.051945060446438415,0.001063793727274508,5,0.05,0.0,5,0.37605142966442884,0.04458107892611035,5,0.6054510452040232,0.0493400849064285,5,0.7464058717300333,0.01668987554936713,5,0.7142340756420307,0.026407561212375842,5,0.7150586268492648,0.02656732846607621,5,0.2998485919605346,0.012160497678145933,5,0.16617269455083697,0.009995105163430464,5,0.25602174842826236,0.014943496263189776,5,0.6148071838483637,0.022312358079766424,5,0.6903611405717491,0.024558172804638883,5,0.1453190746062237,0.005472162019164052,5,0.6846329666806061,0.04448660073385293,5,0.7772528778507575,0.02817407188564661,5,0.8103477891282223,0.03455303623941046,5,0.7791695222554643,0.0244979880783869,5,0.399058531728972,0.02643865141966461,5,0.7133359182809158,0.031526512829675946,5,0.6734821654732285,0.03701586230141473,5,0.8275757087104942,0.037862761721053025,5,0.4578321370579107,0.011959120989115809,5,0.18895100038646664,0.003551436167831521,5
LV,Male,0.27370468483381855,0.022443868372176497,5,0.11662463568144306,0.00362629028930973,5,0.06951016160124061,0.0005590361064611777,5,0.3276630201878729,0.008961134811201282,5,0.10190946489014818,0.005151633585452772,5,0.4751459746268285,0.022200779861515578,5,0.05429201456397814,0.004292014563978138,5,0.05,0.0,5,0.330915181174802,0.03487702238425848,5,0.4863298189902231,0.03599792253173194,5,0.8702732044244319,0.028479078857217684,5,0.9517745941941221,0.03279701994516375,5,0.8332770347638896,0.047941087267755235,5,0.33955089616574025,0.010303325374329502,5,0.15381272688843173,0.006788120550222759,5,0.25918163214535,0.005664993979272096,5,0.864830542687514,0.040485228652597696,5,0.7366657730067953,0.03162091174111427,5,0.19659892506373675,0.009266413537849532,5,0.9461914802479553,0.014291200211753632,5,0.8112010377696143,0.042581071140152825,5,0.9134776434021245,0.03678470886023905,5,0.9153883576864675,0.038977557552014166,5,0.4745232403536027,0.022449812401229355,5,0.9417352918281161,0.019416676071580097,5,0.9363510680202625,0.02775866297764668,5,0.9020942063272231,0.01975974219694157,5,0.5378267602304997,0.014915267545170956,5,0.21980769639901196,0.008835570290919881,5
MB,Female,0.5101940573572914,0.00583405164774844,5,0.10143735290824887,0.0024160534718114263,5,0.10391944993330167,0.004222422453206641,5,0.2978647943003191,0.002782631985657879,5,0.2614005621444394,0.0072318395811715825,5,0.10458734354346837,0.0014635206674050146,5,0.12502303429301387,0.0021131849859556415,5,0.3632159373888296,0.005328520435627981,5,0.08800985299811988,0.0017508504714755793,5,0.5953154066678843,0.020873641208197343,5,0.4564938712499826,0.015361727882881197,5,0.12032855189084316,0.004569800990954983,5,0.5326599803000702,0.013878888255174155,5,0.39443954671535425,0.005974576016700157,5,0.3984313919512492,0.01407151691677317,5,0.2875255158714967,0.007409733795876612,5,0.09163709375398263,0.003233062520287732,5,0.4129721206699727,0.012604999289158704,5,0.0737106074077582,0.0016601116665414676,5,0.1491829908722267,0.0059708888533385965,5,0.08036473270812332,0.002410859685016664,5,0.07261204382263106,0.0006099869142476799,5,0.05,0.0,5,0.18040959024447828,0.01488450126250778,5,0.05,0.0,5,0.05,0.0,5,0.05,0.0,5,0.16314235344313657,0.002095920325191304,5,0.6537900691962863,0.012610313460551257,5
MB,Male,0.5500382253965778,0.020208537252692973,5,0.11068872229027446,0.003262020710688234,5,0.10395889486318406,0.0023122481091024175,5,0.3134422738780833,0.005934316765626916,5,0.25530615765913023,0.005470706105551584,5,0.10670133916869436,0.0011384422041143987,5,0.127339498818482,0.0025897272746094784,5,0.39286984804594194,0.013247887458550968,5,0.08819179756567494,0.0031560944910019734,5,0.6418071808560211,0.02029652132088731,5,0.42989342618782117,0.00893848339378746,5,0.12526637193473483,0.0042999438873560095,5,0.5240208536273447,0.013404291570411286,5,0.4477568562402109,0.004144088457624643,5,0.3995454240691978,0.017845142635091307,5,0.2946590530435107,0.0050198520732345365,5,0.0977290617517012,0.0020888564149072154,5,0.42686977915243984,0.007151520400167542,5,0.07071836433961179,0.002010039769114472,5,0.16366837758350486,0.003166092703693127,5,0.09022004539420583,0.005116511877011098,5,0.07330190063848174,0.00013244027555483194,5,0.05,0.0,5,0.18662642427853665,0.01188347687890507,5,0.05,0.0,5,0.05,0.0,5,0.05,0.0,5,0.16181344736433173,0.0020887157201178383,5,0.6528538113761775,0.016915345559262225,5
ME,Female,0.544681498532982,0.011537740403880158,5,0.10011827229320722,0.0024012809201633028,5,0.11052410575291827,0.0024652678354587267,5,0.3418952832999948,0.005432704491787341,5,0.2966280421200215,0.0029005136048028952,5,0.11136886990437908,0.0012983480826089743,5,0.1290362414046451,0.0020390974563687532,5,0.4806372922701631,0.017390011063194266,5,0.0931929405507788,0.0014679296524507896,5,0.7991308810609363,0.016206187596045425,5,0.474178866691887,0.008372450201877601,5,0.1330666963518971,0.006847571421986157,5,0.5923094086211681,0.014116007485488732,5,0.4027467355566019,0.00985031579756672,5,0.4290765955792072,0.01120623961689668,5,0.3304331500313943,0.0054462579085397525,5,0.09877780496699638,0.002591912477175337,5,0.41362612705342416,0.01020896088878092,5,0.07867511316852967,0.0011864637959408768,5,0.13986911933922694,0.002232269177347065,5,0.06899593747582336,0.0025746719020224777,5,0.06832940858885315,0.0006723464018306923,5,0.05,0.0,5,0.15052033801295112,0.006217222916804032,5,0.05,0.0,5,0.05,0.0,5,0.05,0.0,5,0.1720425456750188,0.002051396397423429,5,0.6512214522748626,0.015727586120332714,5
ME,Male,0.5915151953379231,0.007374908873026093,5,0.103483801533894,0.0019367460419817226,5,0.1188674188930482,0.001177238760261116,5,0.3474820626009666,0.0010463246268482193,5,0.2755681408006094,0.0026008903878308592,5,0.11670407601163824,0.0009040491279228139,5,0.1275619944050977,0.00174737246254832,5,0.5508715759516186,0.016169687687116838,5,0.08685753740360432,0.0017144475059978394,5,0.8921815332729397,0.02621037692625431,5,0.4634278775542439,0.008679523765346482,5,0.13080849845742815,0.0031958153691174305,5,0.6240551380355578,0.010093253082093311,5,0.4218394494865107,0.00464271160091353,5,0.4048465012644457,0.0036108235766626725,5,0.3053991045953547,0.005504358152013525,5,0.11721057251851952,0.004772162866948493,5,0.43506248272155823,0.011591285407457633,5,0.0819291492049174,0.002908821383081453,5,0.1449864686726694,0.004174098622659397,5,0.08195230688429747,0.0027899990750766927,5,0.07015345627320135,0.000540224824231502,5,0.05,0.0,5,0.1529544814733115,0.010020511891434379,5,0.05,0.0,5,0.05,0.0,5,0.05,0.0,5,0.17661995307022563,0.0014273296088487268,5,0.7109829868724991,0.01132364953709191,5
OB,Female,0.4763652656906924,0.01031018922408559,5,0.10121453696371378,0.0032261483117032906,5,0.07561748279200375,0.0013373014987095636,5,0.2743828332911278,0.005087244280076106,5,0.25619818693059937,0.0038046938539386824,5,0.11589200019282797,0.0018458903022321484,5,0.11726602263394978,0.0011837220125616662,5,0.7635564364486457,0.05667288142534269,5,0.07950977602157204,0.003689487959922668,5,0.7258895296890978,0.02636231473033568,5,0.4170953910729989,0.008706278181621485,5,0.26350147896059284,0.012224703088873228,5,0.4646544077232432,0.013031076070405408,5,0.40621848185427617,0.010636336643525464,5,0.32834914622755246,0.005977921070878446,5,0.2687802554210915,0.009333865900158998,5,0.07565993760129705,0.0014641854358634612,5,0.45406471224252476,0.013491483400325723,5,0.05,0.0,5,0.15432358492577677,0.006553028516439119,5,0.07526507473052736,0.0002633773741727523,5,0.06574605524383417,0.0016055124644974261,5,0.05,0.0,5,0.20395864231495747,0.010515472109107556,5,0.05,0.0,5,0.05,0.0,5,0.05,0.0,5,0.1523618120036577,0.002156306397768181,5,0.4502716587123933,0.014187051776026777,5
OB,Male,0.4728094221655345,0.01376364551452944,5,0.10211097425728619,0.0020790807465027516,5,0.07522189701678364,0.0018320153981095416,5,0.2713199424201629,0.0028260577938296733,5,0.25868516497879074,0.004800907947903058,5,0.11704150991380882,0.004273926812840374,5,0.11056816237848255,0.0021092515294676285,5,0.8547796920262236,0.033375116302055426,5,0.0762907567494436,0.0013504777266483072,5,0.7309533839594493,0.01976094161437307,5,0.4113298155266422,0.00858772371595114,5,0.23344518304125184,0.012965352501325536,5,0.4523882083403625,0.007731453811172477,5,0.410095376657645,0.011401910871549263,5,0.31224901478150113,0.008406639564075205,5,0.2743301790843687,0.008711931630735721,5,0.07459606006926575,0.002233359461746443,5,0.4687173097910634,0.01275368689199372,5,0.05004911988928168,4.911988928167901e-05,5,0.16417306015738387,0.005729403863841559,5,0.08077772022826823,0.0031367996613998104,5,0.06494259448733744,0.0014246332069036377,5,0.05,0.0,5,0.19125340323245538,0.008950342820042246,5,0.05,0.0,5,0.05,0.0,5,0.05,0.0,5,0.15037528899446634,0.0012925630399370316,5,0.43420944295070385,0.008094521229243637,5
OV,Female,0.23764163090351054,0.04240087382089856,5,0.45228148470178564,0.11900279178818898,5,0.35213201812247763,0.1283343412366735,5,0.30135380680586243,0.031473913573158964,5,0.30626099201200685,0.09353715574312277,5,0.27438390340596436,0.021398973108328802,5,0.34267934832296376,0.15664135002526824,5,0.49598481699746166,0.13923172505248557,5,0.38225620594258947,0.05589649845185535,5,0.4031630314293612,0.12237010571908628,5,0.19586133995835617,0.030984900938893403,5,0.1999856874781336,0.0491500957648254,5,0.1335944441899876,0.021380431606407395,5,0.5396453676632437,0.047416626244668476,5,0.5192202998073119,0.0528852957502533,5,0.43380531491074786,0.062174219394411895,5,0.16898414572963577,0.038666701978868075,5,0.24937260124791036,0.013999999807824537,5,0.09039000371695226,0.015714873091034837,5,0.169092198262994,0.034768097807919125,5,0.09652552621190146,0.01113546054447642,5,0.08522063368490224,0.0053811430326432385,5,0.05,0.0,5,0.213387138451814,0.01856151324080934,5,0.05,0.0,5,0.05,0.0,5,0.05,0.0,5,0.16073181447381144,0.019267624413785694,5,0.16811446030318575,0.005294894944730337,5
PA,Female,0.11246220714068286,0.06246220714068288,5,0.21160481613418466,0.1380230687330188,5,0.2076774667538913,0.15628176323830464,5,0.12464975456441993,0.07464975456441994,5,0.1513721016918015,0.10137210169180152,5,0.10335710337078899,0.053357103370788986,5,0.22889353541458773,0.17889353541458777,5,0.19727731043388808,0.1472773104338881,5,0.14068998978311273,0.09068998978311274,5,0.2033280939220346,0.15332809392203456,5,0.06314135868288316,0.011633842363516759,5,0.11420247447600265,0.06420247447600265,5,0.052896189254797776,0.0028961892547977788,5,0.224684783695013,0.13516911565324355,5,0.22163277917673146,0.12117140848311267,5,0.2008831063242824,0.1158508965603138,5,0.057679592665833904,0.004047512279429295,5,0.08068938028635468,0.02280690936917634,5,0.13664298495202978,0.019471723458765158,5,0.08882715633399728,0.0023347222565130573,5,0.07345857993424523,0.023458579934245216,5,0.05591093150802653,0.0059109315080265205,5,0.05,0.0,5,0.06962997311073846,0.015624073409919096,5,0.05,0.0,5,0.05,0.0,5,0.05,0.0,5,0.08647411402020784,0.03647411402020784,5,0.17720055777254579,0.01326094455406445,5
PA,Male,0.05,0.0,5,0.0680280145756837,0.0006134446232831326,5,0.05,0.0,5,0.05,0.0,5,0.05,0.0,5,0.05,0.0,5,0.05,0.0,5,0.05,0.0,5,0.05,0.0,5,0.05,0.0,5,0.05259886136160372,0.0010398633987648757,5,0.05,0.0,5,0.05,0.0,5,0.0792557933800952,0.0022523169870722415,5,0.09004649220816016,0.0016448991754727266,5,0.07772097331711683,0.0010650340026640886,5,0.05354659389239248,0.001321980020519967,5,0.05540957192361382,0.001236957633659334,5,0.21835335048164445,0.002843023858690494,5,0.08188483893131489,0.0009124292150353928,5,0.05,0.0,5,0.05,0.0,5,0.05,0.0,5,0.05078584373570284,0.0007858437357028388,5,0.05,0.0,5,0.05,0.0,5,0.05,0.0,5,0.05,0.0,5,0.17818098733835966,0.0031213545996880603,5
Ps,Female,0.5748846261337247,0.02161370941452682,5,0.10897356594226774,0.002296007171097209,5,0.12126407666561886,0.004762747446886839,5,0.33048049819193964,0.010923071233444236,5,0.26654984695824735,0.005015388962886677,5,0.11354475926811099,0.003525657219696029,5,0.12911350023173251,0.002200555979087753,5,0.46894851857498604,0.02948184239937996,5,0.10456680864563257,0.0027051524663958826,5,0.7087780515779962,0.034517049116941416,5,0.5156370715488675,0.0240302129166111,5,0.12614102604878974,0.008166715971727344,5,0.6162159808878029,0.026115341432804848,5,0.40414217456015133,0.01584850325536982,5,0.43184820768878723,0.015296145435631065,5,0.31108722791330173,0.009759115383341687,5,0.0962882920416675,0.002543082339244157,5,0.4303594883562825,0.007500737811972759,5,0.0705870561113839,0.0019520469362485598,5,0.13787066548579135,0.0020181470203674825,5,0.07330649971003682,0.0017822149805946177,5,0.07074624268238339,0.0013659299441611365,5,0.05,0.0,5,0.15689508284883164,0.018035606245556186,5,0.05,0.0,5,0.05,0.0,5,0.05,0.0,5,0.17537565595043877,0.003680297010550421,5,0.7034849547685967,0.0328160252669009,5
Ps,Male,0.5517217006845229,0.0032992079722727373,5,0.1082647141492515,0.0013575632270691523,5,0.11375103786399043,0.0014683979768216663,5,0.3233966493931148,0.0027651064754575503,5,0.2827829124063553,0.0034010505553335353,5,0.10806832537363961,0.0010105121922356682,5,0.1256288584109366,0.0013872960443867771,5,0.5123494435127307,0.015889290149403205,5,0.09197064627643439,0.002126290156241961,5,0.7278815194793735,0.010017361441382062,5,0.48726632407081566,0.010398273291229661,5,0.12133837982252468,0.003962798313208464,5,0.5772215480226603,0.009415221305668338,5,0.42115080069868915,0.007149124856787532,5,0.4083901052512665,0.011646828725459524,5,0.30359306388332663,0.0039930911163240015,5,0.10919378334463097,0.00587964201241787,5,0.4160480767106976,0.017336315827985685,5,0.08006131159764426,0.003167770986945787,5,0.14936041793092744,0.002881751009670157,5,0.07577534761777656,0.0022176028677519588,5,0.06794463047337727,0.0007477443958845785,5,0.05,0.0,5,0.17283484569831778,0.010645147216203549,5,0.05,0.0,5,0.05,0.0,5,0.05,0.0,5,0.16986312623189415,0.0013780192179908442,5,0.6677541600231394,0.004170753199782946,5
SK,Female,0.25268576249312064,0.026309049000997627,5,0.27049899903589825,0.010949256264779812,5,0.19584461370458714,0.00814901068736425,5,0.22862930592147998,0.01482614911684436,5,0.21813546592091698,0.037174339186444104,5,0.1791124533011025,0.011915970449861266,5,0.1843923123067768,0.05754864279104856,5,0.12656746614790612,0.035849141413723515,5,0.19381295165406268,0.013942065155569158,5,0.44428327726773037,0.047589405923302935,5,0.1504630002283282,0.009508035874343195,5,0.1291307528386501,0.02605922331432357,5,0.1764588008977236,0.011263610669324272,5,0.24505953136921033,0.03844342906784556,5,0.22309871821831448,0.04212549733805142,5,0.22812462059536953,0.038683439881545684,5,0.10000258310604378,0.009155492103328566,5,0.13585754843545972,0.001700126900555853,5,0.09307544899674725,0.01794219622778917,5,0.12999136950401446,0.011476453539638748,5,0.08480963204682286,0.009308557110712953,5,0.08389538426301286,0.002623867307224002,5,0.05796791226095156,0.002707211820288641,5,0.11893123892919726,0.004646564097510436,5,0.05,0.0,5,0.05,0.0,5,0.05,0.0,5,0.13220968650105225,0.022469565652551208,5,0.2109287027069701,0.0154475840892812,5
SK,Male,0.36770408111524605,0.04010057140854391,5,0.20230491038434417,0.008832541173463078,5,0.12588880624724186,0.005388518390894364,5,0.2567641572369722,0.015295228713362615,5,0.24912556222349544,0.008484396020314672,5,0.1938245272320737,0.016491771243681397,5,0.23833628184226266,0.013431196327404651,5,0.2579915637546374,0.03546897797288851,5,0.14691437215433073,0.010428087292901185,5,0.5613122862953389,0.06175417829557423,5,0.17223631407960802,0.004430842032410864,5,0.20464520848573514,0.015247693166287867,5,0.21361840541836755,0.024215161683814743,5,0.30177080972247194,0.019274278890604554,5,0.30262084668529143,0.014132139226587107,5,0.28238553599983107,0.01473493879853437,5,0.07919312212528044,0.0030024490629425612,5,0.12959847843368394,0.0029006589113825102,5,0.05396986792975158,0.003969867929751581,5,0.1041421475519384,0.004585876472261409,5,0.10483688159313154,0.0028204347595449115,5,0.09284160320788848,0.0025352491171071736,5,0.062455887012620837,0.0035472577702836076,5,0.11976672126653334,0.00679832550912925,5,0.05,0.0,5,0.05,0.0,5,0.05,0.0,5,0.169993735345018,0.012187384414852084,5,0.1702942797608274,0.007267500131073564,5
SP,Female,0.14884757087588082,0.01431290779872561,5,0.1537636232592642,0.006411277704763146,5,0.14683555139032473,0.008411603704184967,5,0.12330118824944361,0.009250060269735976,5,0.08872919195364895,0.005507236851254509,5,0.0890329204334753,0.008080312781829036,5,0.053733781400408576,0.0009990868264780374,5,0.14046586748414303,0.01805474775923074,5,0.07749905528782226,0.0050331575956670095,5,0.16004822954368164,0.007821794766266557,5,0.14382031654695152,0.01727789351676318,5,0.05,0.0,5,0.0961282233316539,0.01178109957906866,5,0.1402527946523216,0.00845393345414429,5,0.1022177401414118,0.004478507294061514,5,0.10276186789736219,0.004441128559457843,5,0.10290349077063776,0.008698606446514644,5,0.07235810410149758,0.0020535980130307204,5,0.05,0.0,5,0.11229891491120644,0.004525314906836681,5,0.053186771829694425,0.0012642294110645912,5,0.06664026692340058,0.0026974684102618078,5,0.05,0.0,5,0.12673909182656645,0.004445549294398627,5,0.05,0.0,5,0.05,0.0,5,0.11946341326993808,0.00901835802175912,5,0.06867728745798328,0.004739233956986642,5,0.0689475607220103,0.00480453106729111,5
SP,Male,0.13836353082867636,0.015299770338532371,5,0.1471863200277718,0.013926402478310932,5,0.1159340926924862,0.009846313475790009,5,0.11109294566219444,0.013356494045285642,5,0.0748055851530913,0.007875950788771145,5,0.08758643444913035,0.009350399196179143,5,0.0562007984737478,0.0015764550224076565,5,0.12829780394678036,0.02041983445656192,5,0.07175851757164649,0.007694924322725005,5,0.13563654590479873,0.017974992944700723,5,0.12583576822615883,0.0186210627371511,5,0.05,0.0,5,0.09552913021572844,0.009566884062273814,5,0.14768637592972522,0.011491264438615282,5,0.09986417223461444,0.0036843821937678697,5,0.10046115192948128,0.005260409798112563,5,0.10459829576718364,0.006559590596463814,5,0.07081146133899836,0.0020551677615285994,5,0.07724999773424775,0.025719830000653986,5,0.11225642509689326,0.003016141222696686,5,0.05154553785166294,0.0009058703829961633,5,0.06536595594480724,0.003998077389506297,5,0.05,0.0,5,0.11442128500196698,0.010635701740612548,5,0.05,0.0,5,0.05,0.0,5,0.12506203108475727,0.018484315437079468,5,0.06871451748736343,0.0037003917787593516,5,0.09399131023707658,0.017961637033978718,5
SQ,Female,0.3844449161933628,0.04134809335579582,5,0.6360033090127465,0.020727350478023578,5,0.7072589071556457,0.039390438814135065,5,0.4197528984601534,0.06377456403177996,5,0.6033857332222119,0.08263567072268795,5,0.3642447122853953,0.0660670835915577,5,0.7165995613924178,0.0726185672982841,5,0.6964213536840723,0.06270165969976711,5,0.31638760724232673,0.028437780166829078,5,0.6750944211443768,0.02813918597069916,5,0.1178701969337657,0.014660512283243547,5,0.3037673738112655,0.06502208012230173,5,0.09161017725461454,0.016040601456503347,5,0.6340077755277216,0.04362432873442118,5,0.5355448718621797,0.03441941355581625,5,0.5935957848862998,0.04135441000082442,5,0.07552918044939984,0.007118439679600946,5,0.21158811031864122,0.012949191121508922,5,0.05852071981190732,0.00512029464901549,5,0.09913928878942121,0.0032027925471643805,5,0.12583728903631336,0.003722231882292694,5,0.07326342118417152,0.005531714215821868,5,0.05,0.0,5,0.1264432344726856,0.006781859588935457,5,0.05,0.0,5,0.05,0.0,5,0.05,0.0,5,0.23719777272993992,0.020490411284500472,5,0.2087870851359212,0.02865368671901501,5
SQ,Male,0.49435193927593024,0.03770999595494106,5,0.6298865820162967,0.09881197271216677,5,0.6151325201201913,0.10476577548755991,5,0.4412246455793768,0.0322143930066599,5,0.6618389987951918,0.08019826336423908,5,0.3673441262509523,0.03231530214375001,5,0.6260147142985467,0.1044549462939546,5,0.6225704450693292,0.09484224920658207,5,0.30507438733665804,0.04128725214828313,5,0.8178728132020394,0.03558317226644419,5,0.1297034361485817,0.008140970042352607,5,0.394484908240832,0.05151634677618036,5,0.11148757006869488,0.024214850298985475,5,0.6305013586272498,0.0850939751545695,5,0.5536026280829335,0.051921978659222635,5,0.6255666710636839,0.06411595359457427,5,0.06323194120199398,0.0037162026923733622,5,0.14571380909751955,0.002653755174406764,5,0.05516370366157216,0.003212737313080651,5,0.10414432481380702,0.0016853748728464526,5,0.14299819909202557,0.011035809097263179,5,0.07788680986985252,0.004620539597990294,5,0.05,0.0,5,0.1301401147049995,0.013136921676655509,5,0.05,0.0,5,0.05,0.0,5,0.05,0.0,5,0.22818289268058503,0.009030097758341992,5,0.21780124986666297,0.013374555725359307,5
Str,Female,0.45680857778022377,0.01128851660719344,5,0.10361097945491089,0.00387777135485538,5,0.11374294223952444,0.0033338770198778566,5,0.2768272431551234,0.007147732097762994,5,0.2367223295438305,0.0065049914268433045,5,0.1158978100664892,0.0029581976104043907,5,0.12566935179497102,0.0007267030647765957,5,0.36039538547542815,0.02046752680812342,5,0.09002057373186963,0.003883921101705911,5,0.5403685491777914,0.022613273666188993,5,0.40393300855030984,0.01268349542005812,5,0.13999236665500456,0.00298832544995761,5,0.45794445925869487,0.012135752565126891,5,0.3759351326569085,0.01314901371439962,5,0.30768426243207314,0.008989674385853366,5,0.2505006382894134,0.0076048867821680655,5,0.07302042046296095,0.0036428144149823517,5,0.4512382238395011,0.01176936222348767,5,0.06048606922498319,0.0021894211665678827,5,0.15577258325684826,0.00265538090264737,5,0.08555112079604246,0.003518348218030618,5,0.07598910362183267,0.0011086569987012193,5,0.05,0.0,5,0.18425300672811246,0.0064648173976586615,5,0.05,0.0,5,0.05,0.0,5,0.05,0.0,5,0.15126559534428063,0.00199641103452424,5,0.5522908556102808,0.008585904818602906,5
Str,Male,0.4640983413628149,0.01753433382667505,5,0.10265606199334117,0.0018959527594650232,5,0.11088205028737788,0.006557084370423816,5,0.2625398625251295,0.00760814034133202,5,0.2105766882061247,0.008224481713134783,5,0.11818945507240175,0.003414765065437325,5,0.1179911500164917,0.002324329256533278,5,0.535015500330335,0.059986065862189866,5,0.07537170342102434,0.006360456785940837,5,0.5861246665001496,0.018157382780423763,5,0.35332441646181867,0.008304162521913124,5,0.13617569415731046,0.008215392399700372,5,0.4469761696153071,0.019645433316072956,5,0.3453360658981886,0.011800298837602186,5,0.28136009584621813,0.013727559116070159,5,0.2220988330851738,0.00978425658127462,5,0.0716035819949574,0.0037913056132671307,5,0.42868835834433094,0.025266935974805848,5,0.058883423311466065,0.0027859230603766642,5,0.1531064104405633,0.0029642900145135133,5,0.10029576344825739,0.004997161818423513,5,0.07273434994832378,0.001791332646932723,5,0.05,0.0,5,0.1713746890851821,0.008900739870946618,5,0.05,0.0,5,0.05,0.0,5,0.05,0.0,5,0.14934738344124773,0.0033229331929137775,5,0.5390890713364367,0.013946897644623039,5
TE,Male,0.47060806779361963,0.003295963114904316,5,0.2828280776488174,0.004502681048279106,5,0.05,0.0,5,0.10271346239716359,0.0012936702060068431,5,0.16234724891388255,0.002605633445808208,5,0.15401143121386235,0.002241775418884453,5,0.05206290223319913,0.0016088871746532227,5,0.1970066575189307,0.007849565475171136,5,0.05064837579484114,0.0004102576033039342,5,0.9807190976316488,0.015486419942141495,5,0.0505864703372198,0.0005864703372197998,5,0.05542349161922329,0.003395130500374493,5,0.05,0.0,5,0.10848610710520837,0.005185837169389817,5,0.07508854196834262,0.0028667011936160274,5,0.0729810098746682,0.0027374111441691882,5,0.09921553767668956,0.0022880460908673962,5,0.06711151529437272,0.00199718465639514,5,0.051001920805818855,0.0005494723662502548,5,0.08329116034384554,0.0013585964674613501,5,0.05,0.0,5,0.05,0.0,5,0.05,0.0,5,0.15641705519822352,0.0046121251140252995,5,0.05,0.0,5,0.05,0.0,5,0.05,0.0,5,0.05,0.0,5,0.21689582911246058,0.00466777964085971,5
TH,Female,0.5171609861525557,0.011017291091550354,5,0.11077217980378809,0.0028522510402440937,5,0.10101281264180906,0.0012362961834100196,5,0.3002831128628479,0.004781263694199861,5,0.25981710287757587,0.008134203935584203,5,0.1122984689119726,0.002200449005173519,5,0.12537196165259076,0.0008817260850845195,5,0.21636936524876757,0.01452792645333716,5,0.09322093202271035,0.003340162527903563,5,0.5750127683687429,0.021688224954927927,5,0.4736163803531598,0.012355805050169599,5,0.1390302471295442,0.003689848486477238,5,0.5092268593849486,0.016146898678166034,5,0.36259688264406104,0.012996350136145151,5,0.3380696830221982,0.00936247895938946,5,0.26795404975035086,0.010324666998314493,5,0.06708918335799283,0.004157676878487849,5,0.48108502773973766,0.01140833693582133,5,0.0582654811922386,0.001898307732223018,5,0.1428195228429899,0.004924348603763364,5,0.08123035957291498,0.003563918763128588,5,0.07354101306005018,0.0007946055545487445,5,0.05,0.0,5,0.18230813363304374,0.015836893301774655,5,0.05,0.0,5,0.05,0.0,5,0.05,0.0,5,0.15948663692310616,0.002517717825965088,5,0.6289119868372242,0.017492423323205084,5
TH,Male,0.537489559562139,0.021421561828979974,5,0.11860385942528148,0.0048800746819424815,5,0.12159306552527878,0.008628059042125326,5,0.30163995409451966,0.008795581634882223,5,0.23660782527393942,0.009898552080493036,5,0.11374748395653696,0.0026240743669900014,5,0.12536001470748284,0.003800807654869193,5,0.2800477715098846,0.01978493675510086,5,0.08085803191960841,0.004329297386414645,5,0.6778667939154217,0.030801257309383104,5,0.44017966045821144,0.016427451322517515,5,0.13933240036894495,0.007438997822845241,5,0.551004859678815,0.028240442393813868,5,0.37955683747239005,0.0076280026055777495,5,0.3111037443215522,0.0063917131670045675,5,0.2419588348404079,0.00291899549846229,5,0.0911267964280318,0.0035587970125639805,5,0.4606283730278234,0.011666300406055492,5,0.06995394349640972,0.0024260903902611234,5,0.15060626495514495,0.0017579653292976575,5,0.08688340103181887,0.0021476881942279163,5,0.07325624688471274,0.0016616271427948347,5,0.05,0.0,5,0.16010884139379644,0.01013113377774533,5,0.05,0.0,5,0.05,0.0,5,0.05,0.0,5,0.16577363811846452,0.004163648907782288,5,0.6662991182261144,0.03246144288385375,5
UT,Female,0.12354850337518637,0.022212597747532144,5,0.1756427839594879,0.02347930396797183,5,0.13075087366913596,0.029828640766064757,5,0.1499324161502506,0.021908901201351264,5,0.13895297584624125,0.021202916707565734,5,0.14239309202066036,0.02318270306156799,5,0.08444888643834046,0.007138140828770751,5,0.1694363978248716,0.03930823208460095,5,0.12562810530391738,0.02415672291645491,5,0.2009081882740059,0.05082936983767697,5,0.12791117690660886,0.020140085083378157,5,0.07348112337393846,0.014025146545552317,5,0.09114723125543897,0.013636710395386935,5,0.33496816366238985,0.04150873888843088,5,0.3278911931175888,0.044889853793131734,5,0.2527132283439316,0.03032507115045805,5,0.08922510811460001,0.00680324263280292,5,0.2225436580243457,0.04294708179450126,5,0.07461345497008226,0.020211019350362656,5,0.11688660214442734,0.00469089534152368,5,0.0689114141548329,0.009655895254921968,5,0.1013492655785883,0.022231246638012132,5,0.05,0.0,5,0.16174883652831543,0.025005783677812855,5,0.05,0.0,5,0.05,0.0,5,0.05,0.0,5,0.0779281815246897,0.008462374206434965,5,0.11726824818695096,0.015204629000598536,5
VF,Female,0.2960072323948588,0.0616292622796161,5,0.6408769013695127,0.1411954734408459,5,0.6502079313913017,0.14861412924805872,5,0.332475442090104,0.0694965254898879,5,0.511455228712955,0.11415683574157819,5,0.24308556309028959,0.047642316208316056,5,0.6697391312333071,0.1520783143655329,5,0.7245407586292435,0.17574652074009928,5,0.3399214839212319,0.07423314538523734,5,0.6132888781522934,0.1381947923962621,5,0.0935805793497882,0.011460614241198935,5,0.2903504977577049,0.0628948404901197,5,0.05151273301882471,0.0011579505742292037,5,0.5733639875301054,0.10569584657857964,5,0.5641014186880984,0.11047182978280894,5,0.5462982349860914,0.10609763005661019,5,0.06745409512384673,0.0030833480727942447,5,0.152844204487859,0.021649077515108004,5,0.07594745399535578,0.014968076722981095,5,0.11322000383827249,0.0029909203260463616,5,0.11648995099482724,0.017170578186560894,5,0.06700615879710695,0.004504406294542526,5,0.05,0.0,5,0.12216150050399295,0.015531207467847053,5,0.05,0.0,5,0.05,0.0,5,0.05,0.0,5,0.18714500942791326,0.033920577768955795,5,0.16999497331600322,0.0015938289141085526,5
VF,Male,0.2517790439642549,0.061107066321356054,5,0.5427921301662227,0.1552703316262362,5,0.3773562945983242,0.146308941184143,5,0.2828865813457573,0.06243875041872773,5,0.35671131741602374,0.1425747002500525,5,0.22787572251789343,0.035613406490012336,5,0.40589044091013415,0.1781545825618092,5,0.2940017364277741,0.15069128898823525,5,0.2376219826084674,0.091469812128578,5,0.5314555659741617,0.0967843379844321,5,0.18489447937809547,0.030692723720571687,5,0.397609808848319,0.1333390844549603,5,0.5566606742087665,0.20892184235304906,5,0.5370655882487722,0.15156185552811188,5,0.45057347553222726,0.14207299519094724,5,0.4702101773144318,0.15349913776419563,5,0.11482865232417971,0.02662906461800802,5,0.5082827957947795,0.1459306872813422,5,0.05052243498495355,0.0005224349849535388,5,0.1722284385921137,0.04057163352524195,5,0.17041178462804876,0.016951154507802605,5,0.09596324506103922,0.007908607664359264,5,0.05,0.0,5,0.16701774827323895,0.011676018792739974,5,0.05,0.0,5,0.05,0.0,5,0.05,0.0,5,0.41854239644426305,0.08032520997105277,5,0.37096977408350124,0.076139316394191,5
