Tissue,Male_n,Female_n,Glycolysis_Male,Glycolysis_Female,Glycolysis_Diff,Oxidative_PPP_Male,Oxidative_PPP_Female,Oxidative_PPP_Diff,Non_oxidative_PPP_Male,Non_oxidative_PPP_Female,Non_oxidative_PPP_Diff,TCA_Cycle_Male,TCA_Cycle_Female,TCA_Cycle_Diff,Pyruvate_Dehydrogenase_Male,Pyruvate_Dehydrogenase_Female,Pyruvate_Dehydrogenase_Diff,Fatty_Acid_Oxidation_Male,Fatty_Acid_Oxidation_Female,Fatty_Acid_Oxidation_Diff,Fatty_Acid_Synthesis_Male,Fatty_Acid_Synthesis_Female,Fatty_Acid_Synthesis_Diff,Malic_Enzyme_Male,Malic_Enzyme_Female,Malic_Enzyme_Diff,IDH_NADPH_Male,IDH_NADPH_Female,IDH_NADPH_Diff,Lactate_Dehydrogenase_Male,Lactate_Dehydrogenase_Female,Lactate_Dehydrogenase_Diff,Glutaminolysis_Male,Glutaminolysis_Female,Glutaminolysis_Diff,Alanine_catabolism_Male,Alanine_catabolism_Female,Alanine_catabolism_Diff,Aspartate_catabolism_Male,Aspartate_catabolism_Female,Aspartate_catabolism_Diff,Leucine_catabolism_Male,Leucine_catabolism_Female,Leucine_catabolism_Diff,Isoleucine_catabolism_Male,Isoleucine_catabolism_Female,Isoleucine_catabolism_Diff,Valine_catabolism_Male,Valine_catabolism_Female,Valine_catabolism_Diff,Serine_catabolism_Male,Serine_catabolism_Female,Serine_catabolism_Diff,Glycine_catabolism_Male,Glycine_catabolism_Female,Glycine_catabolism_Diff,Threonine_catabolism_Male,Threonine_catabolism_Female,Threonine_catabolism_Diff,Methionine_catabolism_Male,Methionine_catabolism_Female,Methionine_catabolism_Diff,Proline_catabolism_Male,Proline_catabolism_Female,Proline_catabolism_Diff,Arginine_catabolism_Male,Arginine_catabolism_Female,Arginine_catabolism_Diff,Histidine_catabolism_Male,Histidine_catabolism_Female,Histidine_catabolism_Diff,Lysine_catabolism_Male,Lysine_catabolism_Female,Lysine_catabolism_Diff,Phenylalanine_catabolism_Male,Phenylalanine_catabolism_Female,Phenylalanine_catabolism_Diff,Tyrosine_catabolism_Male,Tyrosine_catabolism_Female,Tyrosine_catabolism_Diff,Tryptophan_catabolism_Male,Tryptophan_catabolism_Female,Tryptophan_catabolism_Diff,Cysteine_catabolism_Male,Cysteine_catabolism_Female,Cysteine_catabolism_Diff,Asparagine_catabolism_Male,Asparagine_catabolism_Female,Asparagine_catabolism_Diff
LV,5,5,0.27370468483381855,0.2564985158214491,0.017206169012369432,0.11662463568144306,0.10427133894694593,0.01235329673449713,0.06951016160124061,0.07443353190097968,-0.004923370299739063,0.3276630201878729,0.33367111157113705,-0.006008091383264136,0.10190946489014818,0.11392494450638076,-0.012015479616232574,0.4751459746268285,0.5182617477215598,-0.04311577309473125,0.05429201456397814,0.051945060446438415,0.0023469541175397263,0.05,0.05,0.0,0.33091518117480206,0.37605142966442884,-0.045136248489626773,0.4863298189902231,0.6054510452040232,-0.11912122621380006,0.8702732044244319,0.7464058717300333,0.12386733269439865,0.9517745941941221,0.7142340756420306,0.23754051855209157,0.8332770347638896,0.7150586268492649,0.11821840791462468,0.33955089616574025,0.2998485919605346,0.03970230420520565,0.15381272688843176,0.166172694550837,-0.012359967662405241,0.25918163214535006,0.25602174842826236,0.003159883717087697,0.864830542687514,0.6148071838483639,0.25002335883915017,0.7366657730067953,0.6903611405717491,0.04630463243504612,0.19659892506373677,0.1453190746062237,0.05127985045751307,0.9461914802479553,0.6846329666806061,0.26155851356734916,0.8112010377696143,0.7772528778507575,0.0339481599188568,0.9134776434021245,0.8103477891282223,0.1031298542739022,0.9153883576864675,0.7791695222554643,0.13621883543100322,0.4745232403536027,0.399058531728972,0.07546470862463073,0.9417352918281161,0.7133359182809159,0.2283993735472002,0.9363510680202625,0.6734821654732285,0.262868902547034,0.9020942063272231,0.8275757087104942,0.07451849761672891,0.5378267602304996,0.4578321370579107,0.07999462317258887,0.21980769639901201,0.18895100038646664,0.03085669601254537
BAT,5,5,0.6193766586977771,0.6368688855273714,-0.017492226829594282,0.7765188978524888,0.6355948688177033,0.14092402903478551,0.9092672451635095,0.9054082154270127,0.0038590297364968773,0.8717089784901979,0.9025411899549759,-0.030832211464777992,0.8190889701907895,0.957909491832635,-0.13882052164184544,0.8170957419182662,0.9132570195492453,-0.09616127763097915,0.7193206201355201,0.5936878630788007,0.1256327570567194,0.4688722874421914,0.4522284901153631,0.016643797326828302,0.2549836483151466,0.2392337801083269,0.015749868206819673,0.6645301078141013,0.653916841284149,0.010613266529952314,0.07654028817379774,0.06704430200718456,0.00949598616661318,0.12814584650053246,0.08349847252074598,0.04464737397978648,0.056480213438373096,0.05,0.006480213438373093,0.5215261305960586,0.47632194517181414,0.045204185424244425,0.4098279717888592,0.3942773093701736,0.015550662418685635,0.6171116872113658,0.5836760684045638,0.033435618806802014,0.16163385315247666,0.14343630021507583,0.01819755293740083,0.15931123499892894,0.16166300196750197,-0.0023517669685730325,0.09956442632015014,0.09755088708714402,0.002013539233006123,0.10032101111649219,0.09864719579173223,0.001673815324759964,0.16060820054897762,0.1198011015525688,0.04080709899640882,0.0578781968397817,0.05,0.0078781968397817,0.05,0.05,0.0,0.08736232328431351,0.07563314692782616,0.011729176356487347,0.05,0.05,0.0,0.05,0.05,0.0,0.05,0.05,0.0,0.19061997796256994,0.15504344614047025,0.03557653182209969,0.12937456719970183,0.10693730673865884,0.022437260461042996
Str,5,5,0.46409834136281497,0.45680857778022377,0.007289763582591202,0.10265606199334117,0.10361097945491086,-0.0009549174615696987,0.11088205028737788,0.11374294223952444,-0.0028608919521465603,0.2625398625251295,0.2768272431551234,-0.014287380629993907,0.2105766882061247,0.2367223295438305,-0.026145641337705777,0.11818945507240175,0.1158978100664892,0.002291645005912543,0.1179911500164917,0.12566935179497102,-0.007678201778479318,0.5350155003303348,0.36039538547542815,0.1746201148549067,0.07537170342102435,0.0900205737318696,-0.014648870310845247,0.5861246665001496,0.5403685491777914,0.04575611732235818,0.35332441646181867,0.4039330085503098,-0.05060859208849111,0.13617569415731046,0.13999236665500456,-0.0038166724976941013,0.4469761696153071,0.45794445925869487,-0.010968289643387752,0.3453360658981886,0.3759351326569085,-0.030599066758719873,0.2813600958462181,0.30768426243207314,-0.02632416658585507,0.2220988330851738,0.2505006382894134,-0.028401805204239572,0.0716035819949574,0.07302042046296095,-0.0014168384680035562,0.42868835834433094,0.4512382238395011,-0.02254986549517013,0.058883423311466065,0.06048606922498319,-0.0016026459135171228,0.15310641044056328,0.15577258325684826,-0.0026661728162849785,0.10029576344825739,0.08555112079604246,0.014744642652214923,0.07273434994832377,0.07598910362183266,-0.0032547536735088867,0.05,0.05,0.0,0.1713746890851821,0.18425300672811246,-0.012878317642930348,0.05,0.05,0.0,0.05,0.05,0.0,0.05,0.05,0.0,0.14934738344124773,0.1512655953442806,-0.0019182119030328737,0.5390890713364368,0.5522908556102808,-0.013201784273843997
KD,5,5,0.3365725564682628,0.35919753820469164,-0.02262498173642885,0.18763352830092717,0.13656669370163615,0.05106683459929101,0.15248954445856586,0.13569808809484574,0.01679145636372012,0.6268967308540928,0.612584665241235,0.014312065612857805,0.2543413229977207,0.3232505982615038,-0.0689092752637831,0.6398498245229154,0.5496718178818136,0.09017800664110176,0.05776647006011683,0.0541627031180123,0.0036037669421045276,0.6287035625349392,0.5457895004319765,0.0829140621029627,0.5032703011139715,0.662030967898447,-0.15876066678447542,0.9554366097162047,0.7725403648211868,0.18289624489501788,0.6364894323829421,0.597508603026177,0.03898082935676506,0.16996914856397694,0.15619732196813071,0.01377182659584622,0.44832077588970815,0.3712928823340814,0.07702789355562673,0.6895680527975807,0.553385512219254,0.13618254057832668,0.34145574670777545,0.3209176199585637,0.020538126749211738,0.44349992609346095,0.39174422837053735,0.0517556977229236,0.332037866711958,0.20321375803909927,0.12882410867285873,0.9070528121667282,0.838659278515322,0.06839353365140621,0.07669048190669761,0.05416826722227772,0.022522214684419888,0.41486300428357625,0.3025823412867432,0.11228066299683304,0.9244257897475473,0.7980748710298678,0.12635091871767945,0.09952890692910807,0.1338867000557194,-0.03435779312661133,0.06410892859065173,0.08013916462410717,-0.016030236033455436,0.7309582203170264,0.5308033903509113,0.2001548299661151,0.18074475314899402,0.1651958518558942,0.015548901293099826,0.12541171460772832,0.1059964581955791,0.019415256412149223,0.18892976757817542,0.19773899840284181,-0.008809230824666392,0.15046145430333013,0.13726042759410173,0.013201026709228403,0.18195352004301737,0.1356910237780138,0.04626249626500359
SQ,5,5,0.49435193927593035,0.3844449161933628,0.10990702308256756,0.6298865820162967,0.6360033090127464,-0.006116726996449717,0.6151325201201913,0.7072589071556457,-0.0921263870354544,0.4412246455793768,0.4197528984601534,0.021471747119223394,0.6618389987951918,0.6033857332222119,0.05845326557297992,0.3673441262509523,0.3642447122853953,0.0030994139655570185,0.6260147142985467,0.7165995613924178,-0.09058484709387105,0.6225704450693292,0.6964213536840723,-0.07385090861474308,0.30507438733665804,0.31638760724232673,-0.011313219905668692,0.8178728132020394,0.6750944211443768,0.14277839205766263,0.1297034361485817,0.1178701969337657,0.011833239214816008,0.39448490824083193,0.3037673738112655,0.09071753442956643,0.11148757006869489,0.09161017725461454,0.019877392814080352,0.6305013586272498,0.6340077755277215,-0.0035064169004717094,0.5536026280829335,0.5355448718621798,0.018057756220753673,0.6255666710636839,0.5935957848862998,0.031970886177384084,0.06323194120199398,0.07552918044939984,-0.012297239247405861,0.14571380909751958,0.21158811031864122,-0.06587430122112164,0.05516370366157215,0.05852071981190732,-0.0033570161503351653,0.10414432481380702,0.09913928878942121,0.005005036024385803,0.14299819909202557,0.12583728903631336,0.017160910055712214,0.07788680986985251,0.07326342118417152,0.00462338868568099,0.05,0.05,0.0,0.13014011470499948,0.1264432344726856,0.003696880232313876,0.05,0.05,0.0,0.05,0.05,0.0,0.05,0.05,0.0,0.22818289268058503,0.23719777272993992,-0.009014880049354884,0.21780124986666297,0.2087870851359212,0.009014164730741764
Ps,5,5,0.5517217006845228,0.5748846261337246,-0.023162925449201843,0.1082647141492515,0.10897356594226777,-0.0007088517930162741,0.11375103786399043,0.12126407666561889,-0.007513038801628458,0.3233966493931148,0.33048049819193964,-0.007083848798824843,0.2827829124063553,0.2665498469582474,0.016233065448107875,0.10806832537363964,0.11354475926811099,-0.005476433894471347,0.12562885841093657,0.12911350023173251,-0.0034846418207959418,0.5123494435127306,0.46894851857498604,0.043400924937744556,0.09197064627643439,0.10456680864563257,-0.01259616236919818,0.7278815194793735,0.7087780515779963,0.01910346790137718,0.48726632407081566,0.5156370715488675,-0.02837074747805185,0.12133837982252468,0.12614102604878974,-0.004802646226265056,0.5772215480226603,0.6162159808878029,-0.03899443286514259,0.42115080069868915,0.40414217456015133,0.01700862613853782,0.40839010525126646,0.43184820768878723,-0.023458102437520778,0.30359306388332663,0.3110872279133017,-0.007494164029975048,0.10919378334463097,0.0962882920416675,0.012905491302963465,0.4160480767106976,0.4303594883562825,-0.014311411645584915,0.08006131159764426,0.07058705611138391,0.009474255486260352,0.14936041793092744,0.13787066548579135,0.011489752445136087,0.07577534761777656,0.07330649971003682,0.0024688479077397407,0.06794463047337727,0.07074624268238339,-0.002801612209006113,0.05,0.05,0.0,0.17283484569831775,0.15689508284883164,0.015939762849486117,0.05,0.05,0.0,0.05,0.05,0.0,0.05,0.05,0.0,0.16986312623189417,0.17537565595043877,-0.005512529718544601,0.6677541600231393,0.7034849547685968,-0.035730794745457595
H,5,5,0.3145068889526512,0.2687799803322394,0.045726908620411844,0.0904522495639887,0.08110963431717202,0.009342615246816677,0.06099427739911127,0.05666449578723454,0.004329781611876735,0.6999880237021643,0.6170963544751074,0.08289166922705693,0.3739235022670634,0.39257069492743757,-0.01864719266037418,0.6846744684190911,0.5833784167602956,0.10129605165879552,0.21602566959794292,0.19240246494410382,0.023623204653839103,0.8671748742186309,0.7317172333180871,0.1354576409005438,0.9274828004391132,0.772847971400162,0.1546348290389512,0.9132337462704557,0.7501488089690489,0.16308493730140683,0.1538630059704332,0.13832576334480656,0.01553724262562664,0.05326866193823347,0.05,0.003268661938233469,0.9232317680414897,0.6852014606487071,0.23803030739278253,0.425970908693162,0.32717948497812194,0.09879142371504007,0.2650191866091115,0.21190297625439092,0.05311621035472058,0.29753817523845916,0.25220019810265154,0.04533797713580762,0.10597497009826055,0.08761255574165534,0.01836241435660521,0.12114986208869989,0.11219900476269537,0.008950857326004522,0.06666780926029017,0.06272588558510764,0.003941923675182535,0.09139254604329237,0.09043825044461881,0.000954295598673563,0.09391996565765252,0.07785339520588241,0.01606657045177011,0.08174092224741407,0.07390203951127382,0.007838882736140251,0.05,0.05,0.0,0.09967133967457417,0.0922306098513103,0.007440729823263867,0.05,0.05,0.0,0.05,0.05,0.0,0.05,0.05,0.0,0.21436892830406834,0.18486951974067134,0.029499408563397,0.21436892830406834,0.18486951974067134,0.029499408563397
MB,5,5,0.5500382253965778,0.5101940573572914,0.039844168039286365,0.11068872229027449,0.10143735290824887,0.009251369382025615,0.10395889486318406,0.10391944993330167,3.94449298823929e-05,0.3134422738780833,0.29786479430031915,0.015577479577764175,0.2553061576591302,0.2614005621444394,-0.006094404485309235,0.10670133916869436,0.10458734354346837,0.0021139956252259895,0.127339498818482,0.12502303429301387,0.0023164645254681315,0.39286984804594194,0.3632159373888296,0.029653910657112315,0.08819179756567494,0.08800985299811988,0.00018194456755506183,0.6418071808560211,0.5953154066678843,0.04649177418813677,0.42989342618782117,0.4564938712499826,-0.026600445062161415,0.12526637193473483,0.12032855189084313,0.004937820043891705,0.5240208536273447,0.5326599803000702,-0.008639126672725483,0.4477568562402109,0.3944395467153542,0.05331730952485669,0.3995454240691978,0.39843139195124927,0.0011140321179485269,0.2946590530435107,0.2875255158714967,0.007133537172013982,0.09772906175170121,0.09163709375398262,0.006091967997718592,0.42686977915243984,0.4129721206699727,0.013897658482467157,0.07071836433961179,0.0737106074077582,-0.0029922430681464107,0.1636683775835049,0.1491829908722267,0.014485386711278192,0.09022004539420583,0.08036473270812332,0.009855312686082515,0.07330190063848174,0.07261204382263105,0.0006898568158506951,0.05,0.05,0.0,0.18662642427853665,0.18040959024447828,0.006216834034058372,0.05,0.05,0.0,0.05,0.05,0.0,0.05,0.05,0.0,0.16181344736433173,0.1631423534431366,-0.00132890607880487,0.6528538113761775,0.6537900691962863,-0.0009362578201088656
ME,5,5,0.5915151953379231,0.544681498532982,0.046833696804941094,0.103483801533894,0.10011827229320722,0.003365529240686782,0.11886741889304822,0.11052410575291827,0.008343313140129954,0.3474820626009666,0.3418952832999948,0.005586779300971789,0.2755681408006094,0.2966280421200215,-0.0210599013194121,0.11670407601163824,0.11136886990437907,0.005335206107259169,0.1275619944050977,0.12903624140464506,-0.001474246999547374,0.5508715759516186,0.4806372922701631,0.07023428368145551,0.08685753740360432,0.0931929405507788,-0.006335403147174484,0.8921815332729397,0.7991308810609363,0.09305065221200337,0.4634278775542439,0.474178866691887,-0.010750989137643108,0.13080849845742815,0.1330666963518971,-0.0022581978944689607,0.6240551380355578,0.5923094086211682,0.03174572941438958,0.4218394494865107,0.4027467355566019,0.0190927139299088,0.4048465012644457,0.4290765955792072,-0.024230094314761474,0.3053991045953547,0.3304331500313943,-0.025034045436039598,0.11721057251851952,0.09877780496699637,0.01843276755152315,0.43506248272155823,0.41362612705342416,0.021436355668134066,0.08192914920491741,0.07867511316852967,0.003254036036387742,0.14498646867266937,0.13986911933922694,0.005117349333442434,0.08195230688429747,0.06899593747582336,0.012956369408474111,0.07015345627320137,0.06832940858885315,0.0018240476843482123,0.05,0.05,0.0,0.1529544814733115,0.15052033801295114,0.0024341434603603607,0.05,0.05,0.0,0.05,0.05,0.0,0.05,0.05,0.0,0.17661995307022563,0.1720425456750188,0.004577407395206817,0.7109829868724991,0.6512214522748627,0.059761534597636334
OB,5,5,0.4728094221655345,0.4763652656906924,-0.0035558435251578646,0.10211097425728619,0.10121453696371377,0.0008964372935724163,0.07522189701678364,0.07561748279200375,-0.0003955857752201142,0.2713199424201629,0.2743828332911278,-0.003062890870964896,0.25868516497879074,0.25619818693059937,0.0024869780481913684,0.11704150991380882,0.115892000192828,0.0011495097209808236,0.11056816237848255,0.11726602263394978,-0.006697860255467231,0.8547796920262234,0.7635564364486457,0.09122325557757771,0.0762907567494436,0.07950977602157205,-0.0032190192721284483,0.7309533839594493,0.7258895296890978,0.005063854270351498,0.4113298155266422,0.4170953910729989,-0.005765575546356705,0.23344518304125184,0.26350147896059284,-0.030056295919341003,0.4523882083403625,0.4646544077232432,-0.012266199382880705,0.410095376657645,0.40621848185427617,0.0038768948033688355,0.3122490147815011,0.32834914622755246,-0.01610013144605138,0.2743301790843687,0.2687802554210915,0.005549923663277168,0.07459606006926575,0.07565993760129705,-0.0010638775320312988,0.4687173097910634,0.45406471224252476,0.014652597548538648,0.05004911988928168,0.05,4.911988928167632e-05,0.16417306015738384,0.15432358492577677,0.009849475231607063,0.08077772022826823,0.07526507473052738,0.005512645497740859,0.06494259448733744,0.06574605524383416,-0.0008034607564967183,0.05,0.05,0.0,0.19125340323245538,0.20395864231495747,-0.012705239082502096,0.05,0.05,0.0,0.05,0.05,0.0,0.05,0.05,0.0,0.15037528899446634,0.1523618120036577,-0.00198652300919136,0.43420944295070385,0.4502716587123933,-0.016062215761689425
VF,5,5,0.2517790439642549,0.2960072323948588,-0.04422818843060394,0.5427921301662227,0.6408769013695127,-0.09808477120328996,0.3773562945983242,0.6502079313913017,-0.2728516367929775,0.2828865813457573,0.332475442090104,-0.04958886074434671,0.35671131741602374,0.5114552287129549,-0.15474391129693116,0.22787572251789343,0.24308556309028959,-0.01520984057239616,0.40589044091013404,0.6697391312333071,-0.26384869032317304,0.2940017364277741,0.7245407586292435,-0.4305390222014694,0.2376219826084674,0.33992148392123195,-0.10229950131276455,0.5314555659741617,0.6132888781522934,-0.08183331217813172,0.18489447937809547,0.09358057934978821,0.09131390002830726,0.397609808848319,0.29035049775770494,0.10725931109061404,0.5566606742087664,0.05151273301882471,0.5051479411899417,0.5370655882487722,0.5733639875301053,-0.03629839928133316,0.45057347553222726,0.5641014186880984,-0.11352794315587111,0.4702101773144318,0.5462982349860914,-0.0760880576716596,0.11482865232417971,0.06745409512384673,0.047374557200332984,0.5082827957947794,0.152844204487859,0.35543859130692046,0.05052243498495353,0.07594745399535577,-0.025425019010402235,0.1722284385921137,0.11322000383827249,0.05900843475384121,0.17041178462804876,0.11648995099482724,0.05392183363322152,0.09596324506103923,0.06700615879710695,0.028957086263932286,0.05,0.05,0.0,0.16701774827323895,0.12216150050399295,0.044856247769246,0.05,0.05,0.0,0.05,0.05,0.0,0.05,0.05,0.0,0.41854239644426317,0.1871450094279133,0.23139738701634988,0.37096977408350124,0.1699949733160032,0.20097480076749805
SP,5,5,0.13836353082867633,0.14884757087588082,-0.01048404004720449,0.14718632002777182,0.1537636232592642,-0.006577303231492387,0.1159340926924862,0.14683555139032473,-0.03090145869783853,0.11109294566219445,0.12330118824944361,-0.01220824258724916,0.0748055851530913,0.08872919195364895,-0.013923606800557653,0.08758643444913035,0.0890329204334753,-0.0014464859843449501,0.056200798473747794,0.053733781400408576,0.0024670170733392185,0.12829780394678036,0.14046586748414303,-0.012168063537362661,0.07175851757164649,0.07749905528782225,-0.0057405377161757615,0.13563654590479873,0.16004822954368164,-0.02441168363888291,0.12583576822615883,0.1438203165469515,-0.01798454832079266,0.05,0.05,0.0,0.09552913021572844,0.0961282233316539,-0.0005990931159254587,0.14768637592972522,0.1402527946523216,0.0074335812774036225,0.09986417223461444,0.1022177401414118,-0.0023535679067973603,0.10046115192948128,0.10276186789736219,-0.002300715967880909,0.10459829576718363,0.10290349077063776,0.0016948049965458678,0.07081146133899836,0.0723581041014976,-0.0015466427624992313,0.07724999773424775,0.05,0.027249997734247744,0.11225642509689326,0.11229891491120644,-4.248981431317911e-05,0.05154553785166294,0.05318677182969441,-0.0016412339780314741,0.06536595594480724,0.06664026692340057,-0.001274310978593332,0.05,0.05,0.0,0.11442128500196698,0.12673909182656645,-0.012317806824599473,0.05,0.05,0.0,0.05,0.05,0.0,0.12506203108475727,0.1194634132699381,0.005598617814819171,0.06871451748736343,0.06867728745798328,3.72300293801503e-05,0.09399131023707656,0.0689475607220103,0.025043749515066258
Cor,5,5,0.5106558619484927,0.5017311522714658,0.008924709677026854,0.09247591007518112,0.08273359036326908,0.009742319711912042,0.0880642419676878,0.07803279029495983,0.010031451672727981,0.2505437821281985,0.2581925785364808,-0.00764879640828231,0.19970272727910443,0.24724824842667187,-0.04754552114756744,0.10153679848447665,0.10014761363219034,0.0013891848522863126,0.09362875157806404,0.10679555960213467,-0.013166808024070636,0.8108146567057986,0.6972353509173146,0.11357930578848396,0.05163274255776738,0.07360824068933658,-0.021975498131569196,0.5628135395657883,0.4995383504634513,0.06327518910233698,0.34798376721278224,0.4246841277286101,-0.07670036051582785,0.1276091727362361,0.14303775325212298,-0.015428580515886886,0.4558662155329154,0.4577648742632934,-0.0018986587303779778,0.23710618312235296,0.2648932659815292,-0.02778708285917622,0.20887584360553219,0.24274096712873225,-0.033865123523200064,0.15270606520967733,0.1816659460021227,-0.02895988079244538,0.06668578348783691,0.060933871197003955,0.005751912290832953,0.31303731922091094,0.32492263399407717,-0.011885314773166233,0.05000750844806072,0.05,7.508448060716821e-06,0.16860564271616235,0.1691997212052248,-0.0005940784890624551,0.0851264105153424,0.07310297709635677,0.012023433418985624,0.060829961247878164,0.0649591510187825,-0.004129189770904332,0.05,0.05,0.0,0.13435363805955075,0.16468302866317447,-0.030329390603623718,0.05,0.05,0.0,0.05,0.05,0.0,0.05,0.05,0.0,0.15010499912657407,0.1511674347126179,-0.001062435586043825,0.6370655715142227,0.6022887321350614,0.03477683937916132
SK,5,5,0.36770408111524605,0.25268576249312064,0.11501831862212542,0.20230491038434417,0.27049899903589825,-0.06819408865155407,0.12588880624724186,0.19584461370458714,-0.06995580745734528,0.2567641572369722,0.22862930592147995,0.02813485131549226,0.24912556222349544,0.21813546592091698,0.030990096302578457,0.1938245272320737,0.1791124533011025,0.014712073930971181,0.23833628184226266,0.1843923123067768,0.05394396953548586,0.2579915637546374,0.12656746614790612,0.13142409760673127,0.14691437215433073,0.19381295165406268,-0.046898579499731946,0.5613122862953388,0.44428327726773037,0.11702900902760843,0.17223631407960804,0.1504630002283282,0.02177331385127984,0.20464520848573514,0.1291307528386501,0.07551445564708503,0.21361840541836755,0.1764588008977236,0.03715960452064396,0.30177080972247194,0.24505953136921033,0.05671127835326162,0.30262084668529143,0.22309871821831453,0.0795221284669769,0.28238553599983107,0.22812462059536953,0.05426091540446154,0.07919312212528044,0.10000258310604378,-0.020809460980763334,0.12959847843368394,0.1358575484354597,-0.006259070001775752,0.05396986792975158,0.09307544899674723,-0.03910558106699565,0.1041421475519384,0.12999136950401446,-0.025849221952076062,0.10483688159313154,0.08480963204682286,0.020027249546308676,0.09284160320788848,0.08389538426301286,0.008946218944875614,0.062455887012620837,0.05796791226095156,0.004487974751669274,0.11976672126653334,0.11893123892919726,0.0008354823373360881,0.05,0.05,0.0,0.05,0.05,0.0,0.05,0.05,0.0,0.169993735345018,0.13220968650105225,0.037784048843965745,0.1702942797608274,0.21092870270697012,-0.04063442294614272
Gas,5,5,0.6856131148748246,0.6968456108076502,-0.011232495932825604,0.06543576588332153,0.0652710479147302,0.0001647179685913408,0.061285774464372,0.0615333085991121,-0.00024753413474010166,0.3522740039041315,0.3612575573303697,-0.008983553426238189,0.2663257015973352,0.29690669556160165,-0.030580993964266445,0.21753485122063848,0.23181830629969608,-0.014283455079057594,0.08648678286578212,0.09718267145067605,-0.010695888584893926,0.4724043299283428,0.5348884484423438,-0.06248411851400104,0.10349767511365786,0.11920718214579247,-0.015709507032134612,0.7877938389205607,0.8872373687442334,-0.09944352982367277,0.14219682116050641,0.1574695042867153,-0.015272683126208886,0.38604847174072066,0.4576110810724849,-0.07156260933176423,0.4317767486408681,0.4109936968932842,0.020783051747583936,0.2571622568002921,0.2387460055415315,0.01841625125876059,0.2383002033686096,0.21907258086381928,0.01922762250479032,0.2380384206633434,0.2404850097835387,-0.002446589120195297,0.060488403609926154,0.07040214993149993,-0.009913746321573776,0.11938148809232944,0.12541036171056558,-0.006028873618236133,0.05,0.05,0.0,0.09214063122585436,0.09750671598003875,-0.005366084754184389,0.08558434542455323,0.09652162073655433,-0.010937275312001102,0.09010796606980154,0.08954000421346711,0.0005679618563344258,0.05,0.05239904643071623,-0.0023990464307162285,0.08971149723768458,0.10236866186682406,-0.012657164629139475,0.05,0.050405476992436936,-0.0004054769924369331,0.05,0.05,0.0,0.05,0.052371605227489036,-0.0023716052274890334,0.14579605720683037,0.1431003281846753,0.0026957290221550634,0.14579605720683037,0.1431003281846753,0.0026957290221550634
CB,5,5,0.4725170406092224,0.5008854834139977,-0.02836844280477535,0.12018367614203229,0.12022254613028352,-3.886998825122778e-05,0.07894535073052986,0.08210523900572347,-0.0031598882751936175,0.28698507992094846,0.2959695429755313,-0.008984463054582836,0.2589949123685681,0.2597069571876935,-0.0007120448191254014,0.10976329877674362,0.1250396515306039,-0.015276352753860273,0.11344063406465685,0.11321552829109502,0.00022510577356182893,0.4663566600599685,0.43975199471464155,0.02660466534532696,0.05079537767493503,0.05,0.0007953776749350244,0.6022258590844302,0.579526122653385,0.02269973643104517,0.38986350857435215,0.43318778831723914,-0.043324279742886995,0.1300690181609999,0.13059381062943284,-0.0005247924684329552,0.3823827119511093,0.38775121491970366,-0.005368502968594369,0.3904700429701176,0.39683815458118415,-0.00636811161106654,0.2909618490944769,0.308400452979894,-0.01743860388541707,0.24806146151030636,0.2514012707271533,-0.0033398092168469284,0.11668305979864954,0.10038765866205632,0.016295401136593224,0.4477288731834047,0.4811672456168258,-0.03343837243342107,0.061271304568949046,0.05236420672119868,0.008907097847750366,0.1766919917966903,0.16011672762514562,0.016575264171544674,0.1196937723666683,0.11255742465186172,0.007136347714806576,0.07350988402360532,0.07648965550167122,-0.0029797714780658985,0.05,0.05,0.0,0.150905163788381,0.15622364875768602,-0.00531848496930501,0.05,0.05,0.0,0.05,0.05,0.0,0.05,0.05,0.0,0.13826283335965336,0.13916790720884512,-0.0009050738491917509,0.4942967254718014,0.4963171952449724,-0.0020204697731709964
PA,5,5,0.05,0.11246220714068289,-0.06246220714068289,0.0680280145756837,0.21160481613418472,-0.143576801558501,0.05,0.2076774667538913,-0.15767746675389127,0.05,0.12464975456441996,-0.07464975456441995,0.05,0.15137210169180154,-0.10137210169180154,0.05,0.10335710337078899,-0.053357103370788986,0.05,0.2288935354145878,-0.1788935354145878,0.05,0.1972773104338881,-0.1472773104338881,0.05,0.14068998978311276,-0.09068998978311275,0.05,0.2033280939220346,-0.15332809392203461,0.05259886136160372,0.06314135868288315,-0.010542497321279425,0.05,0.11420247447600267,-0.06420247447600266,0.05,0.052896189254797776,-0.0028961892547977736,0.0792557933800952,0.224684783695013,-0.1454289903149178,0.09004649220816016,0.2216327791767315,-0.13158628696857133,0.07772097331711683,0.2008831063242824,-0.12316213300716558,0.05354659389239247,0.057679592665833904,-0.004132998773441435,0.05540957192361382,0.08068938028635468,-0.02527980836274086,0.21835335048164445,0.13664298495202978,0.08171036552961466,0.08188483893131489,0.08882715633399728,-0.006942317402682391,0.05,0.07345857993424522,-0.023458579934245216,0.05,0.05591093150802652,-0.005910931508026518,0.05,0.05,0.0,0.05078584373570284,0.06962997311073846,-0.018844129375035615,0.05,0.05,0.0,0.05,0.05,0.0,0.05,0.05,0.0,0.05,0.08647411402020784,-0.03647411402020784,0.17818098733835966,0.17720055777254579,0.0009804295658138729
GUT,5,5,0.32629198422648725,0.2762918879141483,0.050000096312338926,0.16354822363276306,0.14444372803852484,0.019104495594238213,0.22083415161914094,0.1916873798015415,0.02914677181759945,0.4166366809178526,0.36006175006919083,0.056574930848661775,0.13899219655738168,0.13805863745876815,0.0009335590986135345,0.23126450925717598,0.19367507893689068,0.037589430320285305,0.05744285192537056,0.05611485469264564,0.00132799723272492,0.7244466745591821,0.8076097438591265,-0.08316306929994444,0.2657323735368624,0.24102056906662433,0.024711804470238075,0.6866139603883479,0.6071229033929889,0.07949105699535897,0.2051095533440171,0.20119908244879786,0.003910470895219231,0.33183892850055474,0.2649568588430288,0.06688206965752597,0.12433539946777535,0.10032581071741482,0.024009588750360522,0.07756101511305352,0.07777754733657047,-0.00021653222351694645,0.056711047042346384,0.05740016359254522,-0.0006891165501988344,0.06715714423710628,0.0676475512295461,-0.0004904069924398236,0.20656135239192444,0.1629257994983429,0.043635552893581536,0.11751166012249761,0.11096015366786523,0.006551506454632386,0.1655557007282879,0.13071238442221875,0.034843316306069155,0.11496568969886645,0.11301296225707971,0.0019527274417867335,0.14277840062906033,0.14936957157907826,-0.006591170950017933,0.579076765764954,0.5259408342988177,0.05313593146613638,0.05,0.05,0.0,0.07522749914608992,0.08176624208780145,-0.006538742941711528,0.05,0.05,0.0,0.05,0.05,0.0,0.05,0.05,0.0,0.07825281354902033,0.06908310733879666,0.009169706210223671,0.15552924535611537,0.13666832033611728,0.018860925019998087
TH,5,5,0.537489559562139,0.5171609861525557,0.020328573409583273,0.11860385942528148,0.11077217980378809,0.007831679621493393,0.12159306552527878,0.10101281264180906,0.02058025288346972,0.30163995409451966,0.3002831128628479,0.0013568412316717349,0.23660782527393942,0.25981710287757587,-0.023209277603636447,0.11374748395653696,0.11229846891197257,0.0014490150445643918,0.12536001470748284,0.12537196165259076,-1.194694510792127e-05,0.28004777150988464,0.21636936524876757,0.06367840626111707,0.08085803191960841,0.09322093202271035,-0.01236290010310194,0.6778667939154218,0.5750127683687429,0.10285402554667888,0.44017966045821144,0.4736163803531598,-0.03343671989494834,0.13933240036894495,0.1390302471295442,0.0003021532394007487,0.5510048596788149,0.5092268593849486,0.041778000293866246,0.3795568374723901,0.36259688264406104,0.01695995482832907,0.3111037443215522,0.3380696830221982,-0.02696593870064601,0.2419588348404079,0.26795404975035086,-0.02599521490994297,0.09112679642803179,0.06708918335799283,0.02403761307003896,0.4606283730278234,0.48108502773973766,-0.02045665471191427,0.06995394349640972,0.0582654811922386,0.011688462304171122,0.15060626495514493,0.14281952284298988,0.007786742112155048,0.08688340103181887,0.08123035957291498,0.005653041458903885,0.07325624688471274,0.07354101306005018,-0.00028476617533743087,0.05,0.05,0.0,0.16010884139379644,0.1823081336330437,-0.02219929223924727,0.05,0.05,0.0,0.05,0.05,0.0,0.05,0.05,0.0,0.16577363811846452,0.15948663692310613,0.006287001195358383,0.6662991182261144,0.6289119868372242,0.03738713138889027
LUN,5,5,0.1294919501789018,0.13913929964740138,-0.009647349468499572,0.14822386480607486,0.1528230020192648,-0.004599137213189941,0.09915794448779207,0.10614427179520217,-0.006986327307410098,0.14033471484166854,0.15066627150519443,-0.010331556663525893,0.11711332059553743,0.13133995049296762,-0.01422662989743019,0.11529774571072855,0.12498831585662765,-0.009690570145899094,0.09389380363074282,0.08893208362875453,0.004961720001988287,0.0606020561746761,0.06450133424633861,-0.0038992780716625083,0.11539017779249913,0.12113776002911107,-0.0057475822366119395,0.17299102985825918,0.1886262561550667,-0.015635226296807525,0.14412284009426385,0.1425164662667364,0.0016063738275274575,0.05541630447846294,0.05487966034898634,0.0005366441294766058,0.08964926945449543,0.10025248477075979,-0.010603215316264361,0.17748223819822412,0.1992650038288632,-0.021782765630639078,0.14708796921788125,0.16251208138916223,-0.01542411217128098,0.12876833916504066,0.1373853883404043,-0.008617049175363656,0.06806020739268039,0.07190485561794453,-0.0038446482252641467,0.14906575323058907,0.14503403361213388,0.004031719618455193,0.05,0.05,0.0,0.13080155405116897,0.1249815388491869,0.005820015201982068,0.08076492608240936,0.0864080317384514,-0.005643105656042036,0.10646090836336755,0.1052256320624061,0.0012352763009614576,0.05,0.05,0.0,0.11692658935276298,0.11797546430849164,-0.0010488749557286542,0.05,0.05,0.0,0.05,0.05,0.0,0.05,0.05013298095073214,-0.00013298095073213667,0.0837627208078185,0.08539169185190576,-0.0016289710440872546,0.1311462218279275,0.1297220421917346,0.0014241796361929016
DP,5,5,0.3044562475756442,0.259158608836752,0.0452976387388922,0.1050963465026427,0.092917491126435,0.012178855376207692,0.07599570140076643,0.07204871977492824,0.003946981625838189,0.4976548288385859,0.4178522808739868,0.07980254796459912,0.3670866663417937,0.34766327124827084,0.019423395093522866,0.4841477407755293,0.41959193406052486,0.06455580671500444,0.09565350228777561,0.08431009112230084,0.01134341116547477,0.5962036895868272,0.4053209330690654,0.19088275651776182,0.526957473834252,0.4263465086471978,0.10061096518705415,0.47416564457583527,0.38408620109031294,0.09007944348552233,0.25212796434588325,0.27793460201514864,-0.025806637669265386,0.2638513406062148,0.20228364237778687,0.06156769822842792,0.821282998742905,0.5195172401848578,0.3017657585580472,0.3546192304968362,0.31801657459641863,0.03660265590041756,0.3366854058714931,0.2956064938356081,0.041078912035884985,0.32642053683872396,0.294665871484561,0.031754665354162936,0.10141592068773833,0.1380384473345955,-0.03662252664685717,0.15291825471763737,0.21332736409122705,-0.060409109373589676,0.05625537450928926,0.07093316892121015,-0.014677794411920894,0.13612501594307141,0.2011103062986031,-0.06498529035553169,0.13312367215125112,0.1985925795276498,-0.06546890737639868,0.1366463638019148,0.18495202614711412,-0.04830566234519931,0.08459547084879238,0.1532320345708526,-0.06863656372206023,0.13064802676482395,0.17420854136152086,-0.04356051459669691,0.08527961117669339,0.13182581972221896,-0.046546208545525575,0.08136267543630113,0.12228419288520578,-0.040921517448904654,0.10380705553812195,0.17848930494081555,-0.0746822494026936,0.23677581103641146,0.18736953901429143,0.04940627202212003,0.23294387730454913,0.18997654410819706,0.04296733319635207
HC,5,5,0.541822517595674,0.4659533130860086,0.07586920450966539,0.08881465901451138,0.07783285902910922,0.010981799985402163,0.08706146012734228,0.08154857312478384,0.0055128870025584475,0.25339191917658815,0.24447605553743096,0.008915863639157195,0.2575263865433131,0.27138129500583136,-0.013854908462518245,0.11639023877123231,0.11025019655532804,0.006140042215904265,0.09916678011169851,0.10153636527873085,-0.00236958516703234,0.6929664074808152,0.6072572038420491,0.08570920363876611,0.0699553536022691,0.07038455617188626,-0.0004292025696171625,0.3245029656167401,0.294803304988176,0.029699660628564106,0.3872163605663895,0.4069536199459634,-0.019737259379573935,0.16598549664450868,0.17154352596927572,-0.005558029324767039,0.4161446910865981,0.3757816028777135,0.04036308820888457,0.33230925928278515,0.3146010837676477,0.017708175515137425,0.2606678230297369,0.27361070991740616,-0.012942886887669258,0.1797273256951082,0.19256166119849732,-0.012834335503389138,0.07034351130512814,0.06697980483182556,0.0033637064733025857,0.3789376778871075,0.3282209759493433,0.05071670193776423,0.05,0.05173484383533754,-0.001734843835337535,0.15412631014392428,0.1503332115666977,0.003793098577226567,0.08470409892066896,0.07304784438133688,0.011656254539332084,0.06536515201280062,0.06454444351860153,0.0008207084941990878,0.05,0.05,0.0,0.16751242114863937,0.17711577440035445,-0.009603353251715074,0.05,0.05,0.0,0.05,0.05,0.0,0.05,0.05,0.0,0.14408713662160685,0.13700454917568589,0.007082587445920968,0.5396561185216759,0.498496867700129,0.04115925082154692
