Id,Reaction,External ids,template,GN_CRS2_LM,GN_CRS2_LM,GN_CRS2_LM,GN_CRS2_LM,GN_CRS2_LM,SLSQP,SLSQP,SLSQP,SLSQP,SLSQP,Type,Value,Stdev, lb,ub,Atom_mapping,Reversible
RSS,,,2112.0947602654014,1328.245314547043,1332.4613646987787,1359.3953450599222,1382.8483097880398,1439.2519888723727,1328.1162376924674,1331.6983574150663,1358.0669047367194,1382.7547856657761,1437.7859030933641
Thres,,,68.66929391228578,68.66929391228578,68.66929391228578,68.66929391228578,68.66929391228578,68.66929391228578,68.66929391228578,68.66929391228578,68.66929391228578,68.66929391228578,68.66929391228578
p_value,,,0.0,1.766331043226546e-244,2.318654998358574e-245,5.360465667016879e-251,6.579398568927617e-256,9.886355841619176e-268,1.8796125927285946e-244,3.3483887814979484e-245,1.016909950143653e-250,6.882974153529923e-256,2.0070776011854444e-267
Id,Reaction,External ids,template,GN_CRS2_LM,GN_CRS2_LM,GN_CRS2_LM,GN_CRS2_LM,GN_CRS2_LM,SLSQP,SLSQP,SLSQP,SLSQP,SLSQP,Type,Value,Stdev, lb,ub,Atom_mapping,Reversible
r1_hk,Glc+ATP-->G6P,(kegg:R02848),197.93860300262472,198.6532444074008,199.74593590674468,198.92568054623456,199.99965127009148,198.81181207180603,198.66219233050572,199.66214432139083,199.30389543527974,199.99884848076798,198.98313464082543,free,1.0,1.0,0.0,200.0,ABCDEF-->ABCDEF,no
r2_pgi,G6P-->F6P,(kegg:R00771f),89.59650334460801,190.42822786520418,188.59451483833138,178.24216036177933,166.2504830532067,171.31612339159088,190.41489233010063,188.45374047011904,178.02483797718745,166.24701863353556,171.33348970169652,free,1.0,1.0,0.0,200.0,ABCDEF-->ABCDEF,no
r3_pgi,F6P-->G6P,(kegg:R00771r),117.07250202003179,199.99998727345852,199.9994061768785,199.9999999987701,199.82357493326663,182.57180924444478,199.99961798028824,199.98619838678187,199.91315397577551,199.82294281355306,182.66633821395794,free,1.0,1.0,0.0,200.0,ABCDEF-->ABCDEF,no
r4_pfk,F6P+ATP-->FBP,(kegg:R00756),148.65046209440615,188.81962751703279,183.65735518283876,146.26838989856446,189.74378833104936,127.90764816256639,188.81207431582217,183.53578184376704,146.17541650971947,189.7304014162619,127.82155030747735,free,1.0,1.0,0.0,200.0,ABCDEF-->ABCDEF,no
r5_fba,FBP-->DHAP+GAP,(kegg:R01068f),90.94568966649473,85.77218113629263,83.74765250909842,74.82450398459174,55.22620587951464,87.31141895755229,85.764656550849,83.54413926170992,74.72364989442883,55.2228699390632,87.16122846415831,free,1.0,1.0,0.0,200.0,ABCDEF-->CBA+DEF,no
r6_fba,DHAP+GAP-->FBP,(kegg:R01068r),111.1756231742965,91.18119516106195,90.3307046361018,89.95901466175434,65.48241754846528,88.66734538112806,91.18028949424084,90.26153167809822,89.98818562083392,65.49195356552666,88.60634729262262,free,1.0,1.0,0.0,200.0,CBA+DEF-->ABCDEF,no
r7_tpi,DHAP-->GAP,(kegg:R01015f),97.2836770791418,190.88493996064685,162.5877981945472,195.8932246133671,98.7103221949928,162.74511441564738,190.89057287061343,162.64940278632233,195.85842594097596,98.71711072803907,162.74472600460373,free,1.0,1.0,0.0,200.0,ABC-->ABC,no
r8_tpi,GAP-->DHAP,(kegg:R01015r),99.8810302814823,179.59090331130676,150.29370485509332,199.79416346464498,94.02166326158928,146.41601275752055,179.59455783976938,150.2902142804784,199.73956766054647,94.02055829272798,146.3635475389827,free,1.0,1.0,0.0,200.0,ABC-->ABC,no
r9_gapdh,GAP-->m3PG+NADH+ATP,(kegg:R01061f),96.0526936074085,12.786486763558353,8.121960818222309,179.64256510229416,98.05308395667845,48.23968038734269,12.783152318001727,8.094042070749554,179.51281079455478,98.03568788862904,48.45166376787223,free,1.0,1.0,0.0,200.0,ABC-->ABC,no
r10_gapdh,m3PG+NADH+ATP-->GAP,(kegg:R01061r),115.25694773373975,4.820091447245048,0.0,195.36635015082055,91.9621965866709,28.316625438152546,4.818223877151658,0.04471323115670989,195.34659810443887,91.95479880300435,28.57173928881693,free,1.0,1.0,0.0,200.0,ABC-->ABC,no
r11_peph,m3PG-->PEP,(kegg:R01512f),84.32507191470805,61.621055165988054,186.36525475002927,178.64984929679807,198.1547456874675,175.01086249536243,61.62286841807029,186.385225194934,178.49362342999538,198.15308097185664,175.00728481312186,free,1.0,1.0,0.0,200.0,ABC-->ABC,no
r12_peph,PEP-->m3PG,(kegg:R01512r),105.50486172752045,54.62875157214675,182.45889866780843,198.92576240259206,194.12922897631057,155.19143213492595,54.631432547843865,182.46640826618682,198.83289016287443,194.12610548364907,155.2314909180733,free,1.0,1.0,0.0,200.0,ABC-->ABC,no
r13_pk,PEP-->Pyr+ATP,(kegg:R00200),9.072259309352221,10.24904626043405,6.343188623838412,0.0073343909968777155,22.959159746585602,28.019576068187185,10.24680113952123,6.412852741110102,1.3307608405455085e-05,22.966180571608867,27.98597405091853,free,1.0,1.0,0.0,200.0,ABC-->ABC,no
r16_pyrdh,Pyr-->AcCOAmit+CO2in+NADH,(kegg:R01196),24.669588814505467,40.44771271984291,49.32056294003561,46.408688860009775,43.95662348097349,40.24128608155755,40.450732603961825,49.3835916849399,46.44904994143418,43.955647081194876,40.46269416295027,free,1.0,1.0,0.0,200.0,ABC-->BC+A,no
r17_cs,AcCOAmit+Oxa-->Cit,(kegg:R00351),100.03331240488646,74.21267023935121,87.39137118919592,105.09168064791885,95.3082193520034,88.97376518106876,74.21557573550061,87.46220077552438,104.96362144899587,95.30057257235258,89.07878096722997,free,1.0,1.0,0.0,200.0,AB+CDEF-->FEDBAC,no
r18_idh,Cit-->aKG+CO2in+NADH,(kegg:R00709f),150.52721087516335,190.36230121980003,198.9164561130837,198.10994598498223,199.9910319426362,198.29192868983404,190.3660143130309,198.94163874426738,198.0913924211465,199.99540438326602,198.312409463643,free,1.0,1.0,0.0,200.0,ABCDEF-->ABCDE+F,no
r19_idh,aKG+CO2in+NADH-->Cit,(kegg:R00709r),60.98429682790171,118.51977396573825,119.90277653818974,102.5207299418704,114.66192569361249,114.25308256908585,118.52137248341083,119.89906451398133,102.45595886661211,114.66584456802521,114.24983824869267,free,1.0,1.0,0.0,200.0,ABCDE+F-->ABCDEF,no
r20_akgdh,aKG-->Suc+CO2in+ATP+NADH,(kegg:R01197),74.94183889321734,67.9611044195748,71.03367989112782,89.634466392943,75.94801826800297,73.84900956976487,67.96269423278929,71.09757159672347,89.64059273850246,75.94703855190618,73.88517417088235,free,1.0,1.0,0.0,200.0,ABCDE-->BCDE+A,no
r21_sdh,Suc-->Fum+{0.6}NADH,(kegg:R02164f),110.80941265705725,188.4591183945015,199.96463548637212,198.6640268013649,193.88128339729906,199.74260639244272,188.45970335221278,199.9680149794247,198.41833022554243,193.87618017621566,199.91628540344894,free,1.0,1.0,0.0,200.0,ABCD-->ABCD,no
r22_sdh,Fum+{0.6}NADH-->Suc,(kegg:R02164r),35.8675737638399,120.49801397492672,128.9309555952443,109.02956040842191,117.93326512929609,125.89359682267785,120.4970091194235,128.87044338270124,108.77773748703999,117.92914162430948,126.0311112325666,free,1.0,1.0,0.0,200.0,ABCD-->ABCD,no
r23_fh,Fum-->Mal,(kegg:R01082f),185.14700386255194,198.4148653293928,197.22951555391145,199.9813832653411,199.99481303272484,199.85783311386515,198.41609430384113,197.33899376147002,199.99999999804254,199.99609063502172,199.9511891157543,free,1.0,1.0,0.0,200.0,ABCD-->ABCD,no
r24_fh,Mal-->Fum,(kegg:R01082r),110.20516496933459,130.453760909818,126.19583566278364,110.34691687239808,124.04679476472188,126.0088235441003,130.45340007105185,126.24142216474654,110.35940725954009,124.04905208311554,126.06601494487197,free,1.0,1.0,0.0,200.0,ABCD-->ABCD,no
r25_mdh,Mal-->Oxa+NADH,(kegg:R00343f),64.74779953449328,51.75399844836155,65.03477730634314,31.32968063689424,142.08064295126422,75.94676815302272,51.75367308821573,65.101004986262,31.64039960854383,142.07749243640183,75.98760413212659,free,1.0,1.0,0.0,200.0,ABCD-->ABCD,no
r26_mdh,Oxa+NADH-->Mal,(kegg:R00343r),93.67106367905507,76.81043979801831,108.90282198204912,93.40116497089558,199.99912862329091,69.09301329975654,76.81042873470362,108.90116232360737,93.52282285865984,199.9933009344439,69.18774847278941,free,1.0,1.0,0.0,200.0,ABCD-->ABCD,no
r27_pc,Pyr+CO2in+ATP-->Oxa,(kegg:R00344),143.43628712415875,101.1325480813548,133.6962484065195,167.44641247871104,160.10326253535789,82.12001032780258,101.13630219182281,133.75069435525538,167.213750251489,160.09491438965227,82.32729609339545,free,1.0,1.0,0.0,200.0,ABC+D-->ABCD,no
r28_mae,Mal-->Pyr+CO2in+NADPH,(kegg:R00216),88.71942924745368,91.76959117803625,122.76658276255893,139.4996473060306,131.54985223790345,63.09244761202888,91.77448760032868,122.77693287083761,139.42129046274266,131.5529194793849,63.24371633540248,free,1.0,1.0,0.0,200.0,ABCD-->ABC+D,no
r29_g6pdh,G6P-->m6PG+NADPH,(kegg:R00835),14.807872792219086,6.252222062574866,7.23390288158499,9.936946207895055,34.97745064343488,14.85184723735992,6.253876762471174,7.223011032272032,9.935707070520682,34.96636682497308,14.831885581781172,free,1.0,1.0,0.0,50.0,ABCDEF-->ABCDEF,no
r30_pgd,m6PG-->Ru5P+CO2in+NADPH,(kegg:R01528),14.80787279221909,6.252222062574868,7.233902881584992,9.936946207895057,34.977450643434885,14.851847237359923,6.253876762471176,7.223011032272034,9.935707070520685,34.966366824973086,14.831885581781178,free,1.0,1.0,0.0,50.0,ABCDEF-->BCDEF+A,no
r31_ri,Ru5P-->R5P,(kegg:R01056f),29.669714069872875,2.089477364448413,2.412830940977123,3.3136172480669246,11.660599933775245,42.4872376267096,2.084936558633702,2.408674273928769,3.3123172218456034,11.659555674007668,42.29278650738419,free,1.0,1.0,0.0,50.0,ABCDE-->ABCDE,no
r32_ri,R5P-->Ru5P,(kegg:R01056r),22.10790644527577,6.853585505443382e-07,0.0007672709358278297,0.0,2.950144964606899e-05,37.53514981862779,0.00015250295826422527,0.0007287419312298481,0.00039042350785641066,2.9402588614311545e-05,37.348630609400104,free,1.0,1.0,0.0,50.0,ABCDE-->ABCDE,no
r33_rbe,Ru5P-->Xu5P,(kegg:R01529f),25.489426276408484,4.163082986519757,4.8219275770382,6.663049299165266,29.071307548545175,9.899761254133058,4.169482587269364,4.815154425192869,6.693224174854213,29.061700302632257,9.8880668850853,free,1.0,1.0,0.0,50.0,ABCDE-->ABCDE,no
r34_rbe,Xu5P-->Ru5P,(kegg:R01529r),18.243361108786488,0.00033760303474184255,8.836549449381295e-05,0.03972033933712235,5.754427337435871,1.8248549309696273e-06,0.00038988047361598514,8.892491836554738e-05,0.06944390267126334,5.754859749078208,0.0003372012881933987,free,1.0,1.0,0.0,50.0,ABCDE-->ABCDE,no
r35_tkt,R5P+Xu5P-->S7P+GAP,(kegg:R01641f),10.131429807041448,2.324448787726906,6.3106861541585655,5.815189046237455,11.678959418618634,9.43957780044864,2.331897950898456,6.252110335150634,5.876296155279604,11.67429946999107,9.478116743959518,free,1.0,1.0,0.0,50.0,ABCDE+FGHIJ-->FGABCDE+HIJ,no
r36_tkt,GAP+S7P-->Xu5P+R5P,(kegg:R01641r),6.508397223230445,0.2430760959843946,3.8997665483867086,2.5035245663233776,0.020519313063974465,4.4896980858095725,0.24735159750057775,3.844577585013378,2.5644060191881244,0.02087919321403588,4.53425190206096,free,1.0,1.0,0.0,50.0,HIJ+FGABCDE-->FGHIJ+ABCDE,no
r37_tal,GAP+S7P-->F6P+E4P,(kegg:R08575f),18.184128952847225,2.958243463404168,3.6857709416683457,4.9691559577444036,15.179349018839709,5.711498403977741,2.9669841045081573,3.6941248969422733,5.019742783095299,15.174962641667605,5.711102084399626,free,1.0,1.0,0.0,50.0,ABC+DEFGHIJ-->DEFABC+GHIJ,no
r38_tal,E4P+F6P-->S7P+GAP,(kegg:R08575r),14.56109636903623,0.8768707716616639,1.2748513358964968,1.6574914778303353,3.5209089132850635,0.761618689338681,0.8824377511102868,1.2865921468050256,1.7078526470038282,3.5215423648905877,0.7672372425010765,free,1.0,1.0,0.0,50.0,GHIJ+DEFABC-->DEFGHIJ+ABC,no
r39_tkt,E4P+Xu5P-->F6P+GAP,(kegg:R01067f),10.989953155449264,49.996182226725125,49.50890527877979,7.241954491391182,11.754750389421494,41.10545482433856,49.999938981162884,49.50925594629201,7.248761681423336,11.751078442889064,41.07109215614516,free,1.0,1.0,0.0,50.0,ABCD+EFGHI-->EFABCD+GHI,no
r40_tkt,GAP+F6P-->Xu5P+E4P,(kegg:R01067r),7.3669205716382695,47.91480953498262,47.09798567300794,3.9302900114771133,0.09631028386684917,36.1555751096995,47.915392627765016,47.10172319615476,3.936871545331866,0.09765816611204613,36.12722731424661,free,1.0,1.0,0.0,50.0,GHI+EFABCD-->EFGHI+ABCD,no
r41_ldh,Pyr+NADH-->Lac,(kegg:R00703f),172.4251865751911,54.83966947430797,63.955644325301975,103.12306657071136,67.16519583152436,64.13533141786982,54.83976288164249,63.96324079878402,103.14048364616563,67.17935532038213,64.14772860514145,free,1.0,1.0,0.0,200.0,ABC-->ABC,no
r42_Lac_ex,Lac-->LacEx,(kegg:Lac_ex),12.656809816726511,1.9299686940471754,0.008831567645298903,0.2800317816088614,0.03245110613262321,0.32800591251362954,1.9288332969382647,0.0004237603360234231,1.336892401443963e-09,0.03915623490138083,0.3282053940176274,free,1.0,1.0,0.0,200.0,nd,no
r46_SubsGln,SubsGln-->Gln,(kegg:SubsGln),0.40529085934018827,2.5410409774232434,2.236327365228262,0.8441920993892115,0.6189120189792572,0.9798763843542613,2.541256298801235,2.2231375379094995,0.8642030589063237,0.612743622954832,0.9542242374080683,free,1.0,1.0,0.0,100.0,ABCDE-->ABCDE,no
r47_gls,Gln-->Glu,(kegg:R00256),34.08716984975211,44.51928954101184,24.99322238361165,99.99734764663587,9.24822239561986,0.1579657856714416,44.51983575127955,25.085449734900976,99.89520530287182,9.240797739047304,0.17852074970175558,free,1.0,1.0,0.0,100.0,ABCDE-->ABCDE,no
r49_gludh,Glu-->aKG+NADPH,(kegg:R00243f),69.02055080924389,73.86078938782616,49.74968051541069,9.097368822406445,85.45116439814599,89.81015182260639,73.85925902570048,49.75010181979129,9.005818641378955,85.44953881269899,89.76598266095384,free,1.0,1.0,0.0,100.0,ABCDE-->ABCDE,no
r50_gludh,aKG+NADPH-->Glu,(kegg:R00243r),83.6216259632882,77.74221222231313,57.72968019917681,15.052118472575291,94.83225237916673,99.9999883735897,77.74120662253124,57.69510445335385,15.000659457410903,94.83206007603364,99.94337970502184,free,1.0,1.0,0.0,100.0,ABCDE-->ABCDE,no
r51_glul,Glu-->Gln,(kegg:R00253)),39.00293550900301,48.40022657307869,32.57649937697543,99.99995127103819,8.629310376640603,9.154674970775421,48.39931503971419,32.6473052646038,99.92678626283163,8.629451514959166,9.151792163326803,free,1.0,1.0,0.0,100.0,ABCDE-->ABCDE,no
r54_asp,Oxacyt-->Asp,(kegg:R00355),9.86373360049621,2.2247914022388784,0.5128334185769035,1.7087680257207722,0.2386792810050622,0.6375804570396895,2.224501725368569,0.5347230384923165,1.4583389322269653,0.22026856353141255,0.6960025580550138,free,1.0,1.0,0.0,10.0,ABCD-->ABCD,no
r55_Asp_ex,Asp-->AspEx,(kegg:Asp_ex),7.990723658642317,0.006635936167029399,0.2946770533771499,0.414059982181719,0.020407746167947494,0.09194486532282298,0.00850891505341167,0.296623957269432,0.14244548512981936,1.8484323760503685e-07,0.148489011852746,free,0.79,1.0,0.0,10.0,nd,no
r58_gpt_m,Pyr-->Ala,(kegg:R00258),3.669652934984299,5.641054446467081,0.2202859553413532,0.30361589606016537,0.06235564233472246,9.036226516172178,5.632641309949676,0.05127491599918699,0.37745141658851367,0.06294608687019831,8.588454525958667,free,1.0,1.0,0.0,10.0,ABC-->ABC,no
r59_Ala_ex,Ala-->AlaEx,(kegg:Ala_ex),9.712006615041219,0.0911160646670055,9.756799975014303,0.03040882137366907,9.905893601028282,0.445672949158606,0.08514284458335908,9.585852592420252,0.0891128581746159,9.904910002940198,0.008566631317691531,free,1.0,1.0,0.0,10.0,nd,no
r82_acl,Cit-->AcCOAcyt+Oxacyt,(kegg:R00352),10.490398357624827,2.370142985289476,8.377691614302023,9.502464604807003,9.97911310297971,4.93491906032061,2.3709339058805625,8.41962654523837,9.328187894461472,9.971012757111758,5.0162097522796785,free,1.0,1.0,0.0,100.0,FEDBAC-->AB+CDEF,no
r84_G6P_BIO,G6P-->G6PBiomass,(kegg:BiomassG6P),60.76986821076973,51.32381134146086,54.16847931066876,59.83186340715751,46.59641998744025,44.766880273802734,51.33757487703198,54.21933795449675,60.023887445173266,46.61339345862152,44.882816186614846,free,1.0,1.0,0.0,100.0,nd,no
r85_R5P_BIO,R5P-->R5PBiomass,(kegg:BiomassR5P),4.89340505468018,2.0081039596487673,2.0007478080341814,2.0019527681528473,2.0002920789405714,2.00203714929983,1.9999999790728906,1.9999999968612308,1.9999999927175427,2.0042671064416115,2.0001046109550176,free,1.0,1.0,2.0,10.0,nd,no
r86_DHAP_BIO,DHAP-->DHAPBiomass,(kegg:BiomassDHAP),1.143315862804954,3.296949325890589,0.19606083140009734,0.1674435452762637,0.05444754028233145,0.12517270527131963,3.2791206907435706,9.782814558434438e-09,-2.497557716196752e-10,0.028416374105723285,0.0032623805778815296,free,2.5,1.0,0.0,5.0,nd,no
r87_Ser_BIO,Ser-->SerBiomass,(kegg:BiomassSer),0.273207051,0.273207051,0.273207051,0.273207051,0.273207051,0.273207051,0.273207051,0.273207051,0.273207051,0.273207051,0.273207051,fixed,0.273207051,1.0,0.0,10.0,nd,no
r89_Ala_BIO,Ala-->AlaBiomass,(kegg:BiomassAla),0.273207051,0.273207051,0.273207051,0.273207051,0.273207051,0.273207051,0.273207051,0.273207051,0.273207051,0.273207051,0.273207051,fixed,0.273207051,1.0,0.0,10.0,nd,no
r90_Asp_BIO,Asp-->AspBiomass,(kegg:BiomassAsp),0.21815583,0.21815583,0.21815583,0.21815583,0.21815583,0.21815583,0.21815583,0.21815583,0.21815583,0.21815583,0.21815583,fixed,0.21815583,1.0,0.0,10.0,nd,no
r92_Glu_BIO,Glu-->GluBiomass,(kegg:BiomassGlu),9.685309494793405,0.0004858024201148303,0.39672269040234837,5.952146025766538,10.0,1.1931273658793398,0.002468308396116867,0.38314710385973805,5.963259856072142,9.993867487422797,1.2041256304429504,free,1.0,1.0,0.0,10.0,nd,no
r93_Gln_BIO,Gln-->GlnBiomass,(kegg:BiomassGln),5.321056518591088,6.421978009490099,9.819604358592041,0.8467957237915197,0.0,9.97658556945824,6.420735587235871,9.784993067612323,0.8957840188661295,0.0013973988666943916,9.927495651033116,free,1.0,1.0,0.0,10.0,nd,no
r100_CO2_in,CO2in-->CO2Ex,(kegg:CO2_ex),624.3920845559262,399.97600643148945,508.49970387848236,444.0076924590405,562.58146705348,382.939823164027,399.9868032234379,508.58872306550643,444.2385529101905,562.5827295926063,383.0946242657995,free,0.0,1.0,0.0,1000.0,A-->A,no
r101_CO2_ex,SubsCO2-->CO2in,(kegg:SubsCO2),475.14672788542777,222.83539687875376,312.82754423480065,230.38514012776133,350.9236787094994,188.98639687037019,222.83667238608976,312.8157360057027,230.37022939394515,350.92611222955867,188.9358788932284,free,0.0,1.0,0.0,1000.0,A-->A,no
r103_FA_ex,AcCOAcyt+{2}NADPH-->FAEx,(kegg:FA_ex),8.835544245770905,0.3701433492176136,8.377691079102238,8.425912391267929,9.978997398142575,4.607439298603708,0.37309692556539886,8.399683294015457,8.230450277364298,9.968900208423563,4.686852036077369,free,1.0,1.0,0.0,10.0,nd,no
r104_MAL_ex,Mal-->Malcyt,(kegg:MAL_cyt),67.75230892434375,19.691515709448822,3.2196056375792272,84.3890990135331,99.90903480560685,63.39729827907851,19.687484294154423,3.2595665719332523,84.14722435827554,99.9039288781877,63.41030498959983,free,1.0,1.0,0.0,100.0,ABCD-->ABCD,no
r105_MAL_ex,Malcyt-->Mal,(kegg:MAL_cyt),52.606635134018276,18.44356111825351,11.084463833304344,72.18279559261933,97.59238310348063,59.494491174608726,18.44252201520593,11.138770508702015,72.0454988323997,97.59400130762432,59.56870281345717,free,1.0,1.0,0.0,100.0,ABCD-->ABCD,no
r106_mdh_cyt,Malcyt-->Oxacyt+NADH,(kegg:OXA_cyt),69.29171629544106,32.417600634724046,12.307963556382067,14.984516847809276,2.9886469169364664,28.48721829975475,32.414237858467835,12.260968482908899,14.87542074068417,2.9852247651848844,28.331959653951877,free,1.0,1.0,0.0,100.0,ABCD-->ABCD,no
r107_mdh_cyt,Oxacyt+NADH-->Malcyt,(kegg:OXA_cyt),54.14604250511559,31.169646043528736,20.172821752107183,2.778213426895503,0.671995214810243,24.584411195284964,31.169275579519343,20.14017241967766,2.773695214808338,0.6752971946215104,24.49035747780922,free,1.0,1.0,0.0,100.0,ABCD-->ABCD,no
r108_ATPx,ATP-->ATPex,(kegg:ATP),219.67559808145305,179.42930540868105,158.38411394942005,234.81404984607843,142.76869555267814,438.0238354273356,179.41269292989756,158.7658730127486,234.59831630367012,142.69673671902902,437.66912495883304,free,1.0,1.0,100.0,1000.0,nd,no
r109_OXPHOS,NADH-->{2.3}ATP,(kegg:NADH),280.38743748974105,252.9818171383249,256.51514091840625,292.8419639279022,255.48579665416557,315.2485501749428,252.97775563255985,256.5890175459719,292.81937381040507,255.44643165068328,315.23914491290225,free,0.0,1.0,0.0,1000.0,nd,no
r110_NADPHx,NADPH-->NADPHex,(kegg:NADPH),86.06301118630573,99.6523257702638,112.4990066837583,136.566965289116,172.16567074746735,73.391426938558,99.6540996773095,112.4785857137882,136.83696323302348,172.1653314491493,73.3563863827421,free,1.0,1.0,0.0,300.0,nd,no
r111_SubsGlc,SubsGlc-->Glc,(kegg:SubsGlc),50.0,50.0,50.0,50.0,50.0,50.0,50.0,50.0,50.0,50.0,50.0,fixed,50.0,1.0,0.0,100.0,ABCDEF-->ABCDEF,no
r112_g6pc,G6P-->Glc,(kegg:R00303),149.83686067505965,150.64897041161933,149.74844505303798,150.91471056817267,151.99887251927623,150.4487704134972,150.6554663411901,149.7522532512848,151.23261691817376,151.99501237719082,150.60128138469076,free,1.0,1.0,0.0,1000.0,ABCDEF-->ABCDEF,no
r113_Glc_ex,Glc-->GlcEx,(kegg:Glc_Ex),1.8982576724349893,1.9957260042186304,0.0025091462933822424,1.9890300219381971,1.9992212491848425,1.6369583416912814,1.9932740106844709,0.09010892989406753,1.9287214828941115,1.9961638964229278,1.6181467438654455,fitting,1.0,1.0,0.0,2.0,ABCDEF-->ABCDEF,no
r114_phgdh,m3PG-->Ser+NADH,(kegg:R01513),1.9755356864811966,0.9740917224720538,4.215604736001536,4.552128057267676,2.0653706588506804,0.1036245887537098,0.9734925706237045,4.13051191084574,4.505479422995038,2.0539135974171865,0.1041305840067884,free,1.0,1.0,0.0,100.0,ABC-->ABC,no
r115_SubsR5P,SubsR5P-->R5P,(kegg:SubsR5P),0.9546300138940779,1.999999972301417,1.9996037437647443,2.0,1.9981617521696358,1.9998290558570901,1.999762276795331,1.9995872150009482,1.999963330471275,1.9981611117995957,1.9998135548694926,free,1.0,1.0,0.0,2.0,ABCDE-->ABCDE,no
r116_SubsSer,SubsSer-->Ser,(kegg:SubsSer),3.9768201198652355,1.808608327216644,7.541959839745825,8.747673030077825,3.8450270936278503,0.1898716052430921,1.8065408366625229,7.478236830424473,8.679984756302437,3.8473304784022515,0.19421116689538287,free,1.0,1.0,0.0,20.0,ABC-->ABC,no
r117_SubsLac,SubsLac-->Lac,(kegg:SubsLac),78.66557330867931,36.75177850682383,42.487255683810375,61.905173259330354,43.16167385695655,31.668646605662698,36.74981488053136,42.46073280079099,61.58891114134773,43.15976608900771,31.502557552267593,free,1.0,1.0,0.0,100.0,ABC-->ABC,no
r118_ldh,Lac-->Pyr+NADH,(kegg:R00703r),238.4339500671439,89.66147928708463,106.43406844146705,164.74820804843284,110.29441858234829,95.4759721110189,89.6607444652356,106.42354983923899,164.72939478617647,110.29996517448846,95.32208076339143,free,1.0,1.0,0.0,1000.0,ABC-->ABC,no
r119_SubsAcCOAmit,SubsAcCOAmit-->AcCOAmit,(kegg:SubsAcCOAmit),75.36372359038103,33.764957519508336,38.07080824916034,58.682991787909074,51.35159587102991,48.73247909951122,33.7648431315388,38.078609090584486,58.51457150756169,51.344925491157696,48.61608680427973,free,1.0,1.0,0.0,100.0,AB-->AB,no
r120_SubsGly,SubsGly-->DHAP+{0.6}NADH,(kegg:SubsGly),18.775896168266225,20.0,19.073206297857332,11.401015371160991,14.999318142636493,17.810200786973915,19.990768664979452,19.07658093201504,11.383394006584826,14.994052435880278,17.829559674663244,free,1.1,1.0,0.0,20.0,ABC-->ABC,no
r121_pck1,Oxacyt-->PEP,(kegg: R00431cyto),15.77233854745409,1.393306174245917,0.0,20.0,12.057085524100874,8.20014570775071,1.3913944594604966,0.005699569977295883,19.971574488110342,12.060671764143713,8.161809370367326,free,1.0,1.0,0.0,20.0,ABCD-->ABC,no
r122_pck2,Oxa-->PEP,(kegg:R00431mito),14.47971057471053,1.8634364923468287,2.436832541617578,0.2832474967908678,6.8765575113277855,0.0,1.863970809834313,2.4883362423856425,0.36770555237711644,6.878533319257585,0.04837078550264567,free,1.0,1.0,0.0,20.0,ABCD-->ABC,no
r123_aat,AcCOAcyt+Asp-->AcAsp,(kegg:R00487),1.6548541118538949,1.9999996360718535,5.351997511679567e-07,1.076552213539056,0.00011570483712491672,0.3274797617168642,1.9978369803151599,0.019943251222885452,1.0977376170971485,0.0021125486881824534,0.3293577162022678,free,1.0,1.0,0.0,2.0,AB+CDEF-->ABCDEF,no
r124_AcAspEx,AcAsp-->AcAspEx,(kegg:AcAspEx),1.6548541118538949,1.9999996360718535,5.351997511679567e-07,1.076552213539056,0.00011570483712491672,0.3274797617168642,1.9978369803151599,0.019943251222885452,1.0977376170971485,0.0021125486881824534,0.3293577162022678,free,1.0,1.0,0.0,2.0,nd,no
r125_SubsAla,SubsAla-->Ala,(kegg:SubsAla,8.61148880060033,2.5946436669290796,9.974265345259619,0.0,10.9635612315682,0.6072228931567908,2.596288011638756,10.007709340942652,0.10264806343840045,10.960931594867754,0.6425866941902455,free,1.0,1.0,0.0,50.0,ABC-->ABC,no
r126_alt,Ala-->Pyr,(kegg:R00258r),2.295928069543424,7.871374997729159,0.1645442745866741,2.3686506991997498e-08,0.8468162218746196,8.924569409170374,7.870579426005078,0.1999246135215858,0.11777957085228585,0.8457606277977755,8.949267537831222,free,1.0,1.0,0.0,20.0,ABC-->ABC,no
r127_sal,Ser-->Pyr,(kegg:R00220),5.679148755346431,2.5094929986886982,11.484357524747361,13.026594036345498,5.637190701478531,0.02028914299680182,2.506826356286228,11.335541690270214,12.912257128297473,5.628037024819438,0.02513469990217012,free,1.0,1.0,0.0,20.0,ABC-->ABC,no
r128_fbp,FBP-->F6P,(kegg:R00762),168.88039560220795,194.22864154180212,190.24040730984217,161.4029005757271,200.0,129.26357458614217,194.22770725921404,190.25317426015536,161.43995223612458,199.99948504272535,129.2666691359417,free,1.0,1.0,0.0,200.0,ABCDEF-->ABCDEF,no
PGI,r2_pgi<=>r3_pgi,(kegg:R00771),-27.475998675423767,-9.571759408254332,-11.4048913385471,-21.757839636990738,-33.57309188005994,-11.255685852853905,-9.584725650187599,-11.532457916662826,-21.888315998588027,-33.5759241800175,-11.332848512261432,free,1.0,1.0,-100.0,300.0,,
FBA,r5_fba<=>r6_fba,(kegg:R01068),-20.229933507801757,-5.409014024769302,-6.583052127003381,-15.13451067716258,-10.256211668950627,-1.3559264235757595,-5.415632943391836,-6.717392416388307,-15.264535726405063,-10.269083626463441,-1.4451188284643077,free,1.0,1.0,-100.0,300.0,,
TPI,r7_tpi<=>r8_tpi,(kegg:R01015),-2.597353202340499,11.29403664934011,12.294093339453847,-3.9009388512778536,4.688658933403534,16.329101658126845,11.296015030844046,12.35918850584391,-3.8811417195704774,4.69655243531111,16.381178465621065,free,1.0,1.0,-100.0,300.0,,
GAPDH,r9_gapdh<=>r10_gapdh,(kegg:R01061),-19.204254126331264,7.966395316313308,8.121960818222309,-15.723785048526377,6.090887370007545,19.923054949190146,7.964928440850075,8.049328839592844,-15.833787309884078,6.080889085624678,19.87992447905531,free,1.0,1.0,-100.0,300.0,,
PEPH,r11_peph<=>r12_peph,(kegg:R01512),-21.179789812812462,6.992303593841254,3.906356082220774,-20.275913105794054,4.025516711156863,19.819430360436435,6.99143587022637,3.9188169287471037,-20.339266732879118,4.02697548820749,19.77579389504852,free,1.0,1.0,-100.0,300.0,,
IDH,r18_idh<=>r19_idh,(kegg:R00709),89.54291404726166,71.84252725406176,79.01367957489394,95.58921604311185,85.32910624902371,84.03884612074818,71.84464182962004,79.04257423028602,95.63543355453442,85.32955981524083,84.06257121495034,free,1.0,1.0,-100.0,100.0,,
SDH,r21_sdh<=>r22_sdh,(kegg:R02164),74.94183889321735,67.9611044195748,71.03367989112782,89.634466392943,75.94801826800297,73.84900956976486,67.96269423278929,71.09757159672347,89.64059273850246,75.94703855190618,73.88517417088234,free,1.0,1.0,-100.0,100.0,,
MDH,r25_mdh<=>r26_mdh,(kegg:R00342),-28.923264144561777,-25.05644134965675,-43.868044675705974,-62.07148433400134,-57.9184856720267,6.853754853266208,-25.056755646487883,-43.80015733734537,-61.882423250116005,-57.91580849804209,6.799855659337209,free,1.0,1.0,-100.0,300.0,,
RPI,r31_ri<=>r32_ri,(kegg:R01056),7.561807624597096,2.089476679089855,2.4120636700412867,3.3136172480669144,11.660570432325581,4.952087808081799,2.08478405567543,2.4079455319975307,3.311926798337737,11.659526271419036,4.944155897984074,free,1.0,1.0,-100.0,300.0,,
RBE,r33_rbe<=>r34_rbe,(kegg:R01529),7.246065167621986,4.162745383485011,4.821839211543701,6.623328959828138,23.316880211109297,9.89975942927812,4.169092706795744,4.815065500274499,6.623780272182943,23.306840553554043,9.8877296837971,free,1.0,1.0,-100.0,100.0,,
TKT1,r35_tkt<=>r36_tkt,(kegg:R01641),3.6230325838109936,2.081372691742504,2.410919605771849,3.311664479914068,11.658440105554645,4.94987971463906,2.0845463533978705,2.4075327501372477,3.3118901360914705,11.653420276777018,4.94386484189855,free,1.0,1.0,-100.0,100.0,,
TAL,r37_tal<=>r38_tal,(kegg:R08575),3.6230325838109936,2.081372691742504,2.410919605771849,3.311664479914068,11.658440105554645,4.94987971463906,2.0845463533978705,2.4075327501372477,3.3118901360914705,11.653420276777018,4.94386484189855,free,1.0,1.0,-100.0,100.0,,
TKT2,r39_tkt<=>r40_tkt,(kegg:R01067),3.6230325838109936,2.081372691742504,2.410919605771849,3.311664479914068,11.658440105554645,4.94987971463906,2.0845463533978705,2.4075327501372477,3.3118901360914705,11.653420276777018,4.94386484189855,free,1.0,1.0,-100.0,100.0,,
FH,r23_fh<=>r24_fh,(kegg:R01082),74.94183889321735,67.9611044195748,71.03367989112782,89.634466392943,75.94801826800297,73.84900956976486,67.96269423278929,71.09757159672347,89.64059273850246,75.94703855190618,73.88517417088234,free,1.0,1.0,-100.0,100.0,,
MDHcyt,r106_mdh_cyt<=>r107_mdh_cyt,(kegg:MDHcyt),15.145673790325475,1.2479545911953116,-7.864858195725117,12.206303420913773,2.3166517021262236,3.902807104469787,1.2449622789484938,-7.8792039367687625,12.101725525875832,2.309927570563374,3.8416021761426578,free,1.0,1.0,-100.0,300.0,,
LDH,r41_ldh<=>r118_ldh,(kegg:R00703),-66.00876349195285,-34.82180981277669,-42.478424116165115,-61.62514147772153,-43.12922275082397,-31.34064069314912,-34.82098158359313,-42.46030904045501,-61.58891114001087,-43.12060985410638,-31.174352158250016,free,1.0,1.0,-1000.0,1000.0,,
GLUDH,r49_gludh<=>r50_gludh,(kegg:R00243),-14.601075154044304,-3.88142283448697,-7.979999683766128,-5.954749650168846,-9.381087981020743,-10.189836550983319,-3.881947596830753,-7.945002633562561,-5.994840816031948,-9.38252126333466,-10.177397044067998,free,1.0,1.0,-100.0,100.0,,
Experiment,Fragment_Num,Time,template,GN_CRS2_LM,GN_CRS2_LM,GN_CRS2_LM,GN_CRS2_LM,GN_CRS2_LM,SLSQP,SLSQP,SLSQP,SLSQP,SLSQP,Use,Ratio,Stdev
ex1,Ala_0,0,0.43859737203341437,0.43430378869601555,0.4393113668014646,0.43742953104941495,0.4363689669231121,0.43270871294929086,0.4343090701414083,0.43909758031910856,0.43731174212042173,0.43634863747116737,0.43316117537045934,1,0.442997544,0.015
ex1,Ala_1,0,0.13151751721044488,0.19011462820629968,0.1874278887207267,0.18107706583454522,0.17878858268927064,0.1765371707365092,0.19012085180085744,0.18768782457313324,0.18142351467728232,0.17881920231820975,0.1768303840890273,1,0.257036515,0.015
ex1,Ala_2,0,0.0905648167982377,0.12476439417103838,0.1288208005076044,0.11523728795621832,0.12258358752058203,0.1108075207374093,0.12476689847083286,0.12892864621169803,0.11536666704703104,0.12259784609121739,0.11096605342839207,1,0.151751442,0.015
ex1,Ala_3,0,0.33932029395790303,0.2508171889266462,0.2444399439702051,0.2662561151598208,0.26225886286703537,0.2799465955767911,0.2508031795869002,0.24428594889606037,0.2658980761552636,0.2622343141194036,0.27904238711212376,1,0.148214498,0.015
ex1,Asp_0,0,0.39283660992216896,0.35874507798690924,0.361687921098272,0.35034104955604534,0.3572468049298143,0.3568239267550641,0.3587478421015342,0.36148036234810443,0.3503327023979923,0.3572128643372158,0.35684180310699465,1,0.393685152,0.015
ex1,Asp_1,0,0.19126056954410825,0.2451927711607597,0.25911370777458764,0.24556661113645673,0.25190193402976324,0.2514627459720109,0.24520076532370255,0.25929625097827785,0.2457742393368987,0.2519311255085682,0.25172364875629993,1,0.248739432,0.015
ex1,Asp_2,0,0.21276287635757193,0.2199106281895012,0.2184073344039895,0.2143024220771122,0.2133779498333653,0.22631628163199485,0.21990860137177978,0.21844420929890224,0.21432324121544666,0.21339674152532423,0.2261656188078788,1,0.210366853,0.015
ex1,Asp_3,0,0.17121601120897006,0.13891908658859298,0.13724403684938935,0.15137563950167543,0.14970545384390319,0.12723467867911492,0.13891360491717814,0.1372238082606974,0.15117934609796105,0.14969564526211734,0.12720112214296278,1,0.118890928,0.015
ex1,Asp_4,0,0.03192393296718045,0.03723243607423627,0.023546999873761902,0.03841427772870876,0.02776785736315418,0.03816236696181597,0.03722918628580326,0.023555369114019065,0.038390470951699375,0.02776362336677108,0.038067807185867816,1,0.028317634,0.015
ex1,Cit_0,0,0.32602462904389795,0.2542070177154005,0.2553095900113428,0.2549101546973339,0.2661396699295295,0.25515161261915753,0.254207841857944,0.2550815210150246,0.2547655304073478,0.26610172737452653,0.2550777019087491,1,0.256135747,0.015
ex1,Cit_1,0,0.1920375360919968,0.23905658498407892,0.23330090759619002,0.2372843846120092,0.23210423996666762,0.24011326708054848,0.2390616627214486,0.23342882809884266,0.23745975308244846,0.23212361516435745,0.24025077335597766,1,0.209042457,0.015
ex1,Cit_2,0,0.21330410263585026,0.2458798828006513,0.24746871152372887,0.22982690919114215,0.24134930474481012,0.24284270032421612,0.24587869666923456,0.2474982126967611,0.22993517728924442,0.241366381784775,0.24282955750887839,1,0.267463311,0.015
ex1,Cit_3,0,0.19598639909925025,0.16542212544344242,0.16692939754898994,0.18051700298368376,0.16880910682754444,0.16748837458275415,0.1654196735542059,0.1669692008249833,0.18038801724173817,0.16881058452014944,0.16741114922394712,1,0.15893888,0.015
ex1,Cit_4,0,0.05103787319152397,0.06804989259052438,0.06868881987289945,0.06864199193224126,0.06488176692075026,0.06732063599606704,0.06804866271202702,0.06871817831841492,0.0686442334461989,0.06488345028842843,0.06733694332469234,1,0.077104655,0.015
ex1,Cit_5,0,0.019259549962347567,0.023904709388034465,0.024921667321984982,0.024751916062300365,0.023275871346888872,0.0230331633586076,0.023903840065388846,0.024922685097240025,0.024743255598363146,0.023274662789315375,0.023044465123435037,1,0.026157868,0.015
ex1,Cit_6,0,0.002349909975132888,0.0034797870778676865,0.0033809061248645683,0.004067640521287379,0.0034400402638098317,0.004050246038650018,0.0034796224197484325,0.0033813739487340887,0.0040640329346567,0.003439578078443547,0.00404940955432564,1,0.005157082,0.015
ex1,DHAP_0,0,0.5456859369254625,0.51776417962649,0.5167487263723549,0.4949442394598254,0.5156055012642198,0.5093420192216528,0.517725815256567,0.5171529768688032,0.49489405851886026,0.5155907761988603,0.5097354499344873,1,0.390185834,0.015
ex1,DHAP_1,0,0.09563474480114713,0.08122341661527063,0.08009160886948807,0.09364482284238604,0.08427104388570181,0.08955151770081708,0.08122396755070867,0.0801023230748862,0.09391791100751927,0.08428060131661366,0.08953914518983354,1,0.111175713,0.015
ex1,DHAP_2,0,0.06869884299918802,0.07360512998351809,0.07440937203534706,0.07002758781503379,0.06859600579945348,0.07246150733601045,0.07362823600219118,0.07438661221043508,0.07013211791526702,0.06859944288437274,0.07241292415403248,1,0.109884145,0.015
ex1,DHAP_3,0,0.2899804752742029,0.3274072737747225,0.32875029272281103,0.3413833498827551,0.33152744905062437,0.32864495574151986,0.32742198119053345,0.3283580878458751,0.341055912558354,0.3315291796001531,0.32831248072164804,1,0.388754308,0.015
ex1,E4P_0,0,0.34925314032352645,0.3530572313189435,0.3553208737683464,0.44404439753647923,0.43203186388163006,0.34531367739368884,0.3530928436358425,0.35555778202169686,0.4440280018549865,0.4320200959519416,0.3455583696774539,1,0.461336182,0.015
ex1,E4P_1,0,0.18868722736667384,0.15676857215600717,0.15466592071622245,0.13713299795550896,0.12238351503647701,0.15341862670875903,0.1567624838095513,0.1547359026028146,0.1373305965182861,0.1223944633129902,0.15343138324762443,1,0.121669486,0.015
ex1,E4P_2,0,0.05990055433009398,0.042553676470605394,0.0413179466385485,0.04153107894666526,0.03295586466270667,0.04194504694142086,0.04256056478710819,0.041348394385510565,0.04166044403951548,0.032964710421362585,0.04194419771226705,1,0.045187163,0.015
ex1,E4P_3,0,0.15826141548381198,0.14795450329295454,0.14889935191919432,0.11607249027933893,0.1076524566439573,0.13799801417505417,0.14796005810425844,0.14887394500970214,0.11611160609467175,0.10765863589310697,0.13794552274408334,1,0.079144439,0.015
ex1,E4P_4,0,0.24389766249589395,0.2996660167614906,0.2997959069576905,0.2612190352820079,0.30497629977522833,0.3213246347810768,0.29962404966323963,0.2994839759802759,0.26086935149253976,0.3049620944205985,0.3211205266185729,1,0.29266273,0.015
ex1,F6P_0,0,0.27683905103310574,0.26016130890695993,0.2591556856220516,0.2767594250637421,0.26534731822935387,0.25507049222334843,0.26014128470130776,0.25936793853195284,0.27664738722350507,0.26534968367143297,0.2552976137186371,1,0.3832108,0.015
ex1,F6P_1,0,0.09387017842906324,0.07019924620633815,0.0693045192376144,0.07328263067189572,0.07642630919257544,0.07573185567955619,0.07020099956107291,0.06938277532530014,0.07348849285357809,0.07642729507637284,0.07577668993231966,1,0.050202879,0.015
ex1,F6P_2,0,0.0821327888033719,0.09737191915649812,0.09770558078181349,0.06846940387248383,0.07986577388416059,0.09261905856999976,0.09739466782076427,0.0977646697097936,0.0686111091858913,0.07986034997885119,0.09262552560352055,1,0.068151994,0.015
ex1,F6P_3,0,0.24358753241199763,0.20094144138016204,0.2013904655502079,0.2164437386741258,0.2113430983067579,0.1902170833915843,0.2009441809582524,0.20139513327776354,0.21641658584265522,0.21135313035177997,0.19019771487510428,1,0.144033605,0.015
ex1,F6P_4,0,0.0642927204258885,0.08220644328119973,0.081607290602781,0.0550129591961797,0.06240876643441878,0.0854597833133033,0.08220400429920098,0.08158536457191458,0.05513455957557845,0.062406831601394576,0.08539805642489862,1,0.044375583,0.015
ex1,F6P_5,0,0.042069230329852526,0.04767662661188029,0.04860696186458071,0.03769239205285329,0.0455854276609838,0.048000194693055304,0.047692188872859885,0.04856752669783014,0.03773669017917004,0.04558133585754164,0.04794140978332964,1,0.046085661,0.015
ex1,F6P_6,0,0.19720849856672187,0.2414430144569635,0.2422294963409528,0.2723394504687203,0.2590233062917486,0.25290153212915306,0.24142267378654217,0.24193659188544492,0.27196517513962293,0.2590213734626265,0.2527629896621923,1,0.263939479,0.015
ex1,FBP_0,0,0.2767287718579327,0.2605233597921886,0.25931555199987016,0.2620329817035358,0.26157968652996194,0.2539554640103681,0.26049859131900965,0.2595912687245371,0.2619374997072446,0.261577588356093,0.2542419318322725,1,0.289072226,0.015
ex1,FBP_1,0,0.0983610099656198,0.07321788410900741,0.07191569898980557,0.08143275721346996,0.07863338954975947,0.08015533419135504,0.07321751629438222,0.07199650391563273,0.08166645041293893,0.07863752568062804,0.08021021268732992,1,0.052425696,0.015
ex1,FBP_2,0,0.08314297369593941,0.09082448539303331,0.09077544868263346,0.07263634345272128,0.07853290023913034,0.08591171654140942,0.09084534715302019,0.09083312298364461,0.07278283361587624,0.0785306956306283,0.08592348246079186,1,0.06753904,0.015
ex1,FBP_3,0,0.2824173544674804,0.2527238483091957,0.25442984132505986,0.2669236944591178,0.24932247279717573,0.2583003802593655,0.2527242739304737,0.25438039370138565,0.26682210281948254,0.24933232371002928,0.25824927510893,1,0.255219901,0.015
ex1,FBP_4,0,0.06463816203342805,0.07433424809401452,0.07358568380535574,0.06137124653937644,0.06266156225210537,0.07662269458172279,0.07433409165955954,0.07355608185544436,0.061504663294312305,0.06266249216730882,0.07656161111646834,1,0.058595327,0.015
ex1,FBP_5,0,0.04247311011859143,0.04768454628731301,0.04847879283235505,0.042089393341626924,0.045893531970532045,0.0476401650765564,0.04770038757555883,0.04843158879396011,0.04212773282158677,0.04589149418919655,0.047576843264544505,1,0.059252126,0.015
ex1,FBP_6,0,0.15223861786100965,0.2006916280152495,0.20149898236492225,0.2135135832901526,0.22337645666133424,0.19741424533922303,0.20067979206799627,0.20121104002539508,0.2131587173285597,0.22336788026611576,0.19723664352966522,1,0.217895684,0.015
ex1,Fum_0,0,0.3989832114748231,0.35926852567942374,0.3560546491722175,0.3624731004190588,0.3647828681429365,0.3638668130246315,0.3592713927509478,0.3558166378731268,0.3623269972059219,0.36473986113493934,0.3638778917262158,1,0.389678204,0.015
ex1,Fum_1,0,0.19609101710038468,0.24209494947713933,0.23735157487065184,0.23452875269894793,0.23405786745424487,0.24960763135629288,0.24210036616726022,0.23758633563693154,0.23487477759956646,0.23409094323694893,0.2497517402756331,1,0.282117369,0.015
ex1,Fum_2,0,0.2603098669175955,0.24141489653538378,0.24204582319074486,0.2552022814102925,0.23413020919605035,0.24649906225700244,0.24141207119635533,0.24208043979958052,0.25502874918805574,0.2341410717115496,0.24636049142038036,1,0.206653549,0.015
ex1,Fum_3,0,0.11301714685506214,0.11744958684605401,0.12462340503772658,0.10758473483643878,0.1279483717726059,0.10174486455121123,0.11744617339005116,0.12460838117599146,0.10760100312606999,0.12794954031161132,0.10176280582587477,1,0.099266488,0.015
ex1,Fum_4,0,0.031598757652134185,0.03977204146199859,0.039924547728659526,0.04021113063526075,0.03908068343416296,0.038281628810862535,0.039769996495383084,0.03990820551437077,0.04016847288038406,0.03907858360494748,0.03824707075189969,1,0.02228439,0.015
ex1,G6P_0,0,0.30601888816503964,0.28294538156017096,0.28232382009626694,0.29625107402796297,0.287118717955503,0.2806876508296865,0.28292959539615803,0.282486730161005,0.2961730433720337,0.2871209323251595,0.28085787752120533,1,0.385640526,0.015
ex1,G6P_1,0,0.07319927026321335,0.06109957278708696,0.06031072640905773,0.06357083206914935,0.0660834283917339,0.06475318768275422,0.06110087239127459,0.060376016655803104,0.06372996241814999,0.06608406716450507,0.06479204643893414,1,0.050405104,0.015
ex1,G6P_2,0,0.057912489876861165,0.07818335479189994,0.0782962150831436,0.055014749570904346,0.06413877832373273,0.07297556171356577,0.07820136669332,0.07834927478209522,0.05512020131488597,0.06413420122249676,0.07298708595966452,1,0.058797022,0.015
ex1,G6P_3,0,0.1711782183901122,0.1610754527651789,0.16111457934003673,0.17350039633362052,0.16938202697003418,0.14958746640838927,0.16107718496341505,0.1611303179983897,0.17345271613950955,0.16938945302964598,0.14958555014906513,1,0.131166084,0.015
ex1,G6P_4,0,0.04518019402782707,0.06589623927997429,0.0652859577326024,0.04409767963825588,0.050017274563732436,0.06720500081336743,0.06589409444752092,0.06527328012553663,0.04418855055144809,0.05001554256803034,0.06716243789057835,1,0.050242588,0.015
ex1,G6P_5,0,0.029563160126270513,0.03821732542948917,0.038885644093336585,0.030213736069331313,0.036534272053278805,0.03774703139092112,0.03822968996204704,0.038856990978542005,0.030244725893579336,0.03653086025023607,0.03770415969350868,1,0.047728791,0.015
ex1,G6P_6,0,0.3169477791506769,0.3125826733862009,0.31378305724555733,0.3373515322907765,0.3267255017419841,0.32704410116131605,0.31256719614626455,0.31352738929862817,0.33709080031039435,0.326724943439926,0.3269108423470454,1,0.276019885,0.015
ex1,GAP_0,0,0.5068507383109908,0.504617954337703,0.5024503664930808,0.4810412549101131,0.4861516895301508,0.4954371785208359,0.5045884872240815,0.5028403489483316,0.48099786591868193,0.48614100094779866,0.495784683216594,1,0.521022508,0.015
ex1,GAP_1,0,0.10242715911021778,0.07432367844053363,0.07156786626939715,0.10028885242034055,0.08545327842394887,0.08279171687370863,0.07432371436533847,0.07160844625045469,0.10057967463479878,0.085471496084506,0.08281507103288951,1,0.119288771,0.015
ex1,GAP_2,0,0.0730786929150395,0.06583431641402707,0.06495678326907005,0.07341002007388357,0.06617738755641278,0.06463583871290929,0.06585431517154955,0.06496738741589997,0.07351004852775901,0.06618832869519539,0.06461950885165355,1,0.0,0.015
ex1,GAP_3,0,0.3176434096637525,0.35522405080773745,0.36102498396845334,0.3452598725956632,0.3622176444894874,0.3571352658925462,0.3552334832390308,0.3605838173853135,0.34491241091876074,0.36219917427249954,0.35678073689886425,1,0.359688722,0.015
ex1,Glc_0,0,0.3232775557000795,0.30588391575966584,0.30552135408380415,0.3158479897309313,0.30887095050667457,0.3042122641095646,0.3058713206430223,0.30564304386736324,0.315758388131973,0.3088730324385338,0.3043221766489968,1,0.138682392,0.015
ex1,Glc_1,0,0.060973282500885545,0.05193820935971441,0.051305520787107144,0.05380658385743649,0.05574965328958764,0.054671315492251356,0.051939481710033084,0.051354639908488826,0.05394160081460804,0.055749936467050364,0.054708153614829266,1,0.055385478,0.015
ex1,Glc_2,0,0.04358718419122844,0.058864704144316576,0.05886221961093449,0.04148743196711249,0.04842562854628477,0.05493664982199558,0.058878853193200756,0.05890236843454871,0.04158805265015955,0.04842188413922806,0.05495901607095647,1,0.147412492,0.015
ex1,Glc_3,0,0.12835110213536183,0.12093919805952248,0.12078758450674779,0.1303251338714566,0.12745789745637517,0.11227669194167099,0.1209417979758187,0.12080015243878196,0.13035750878994093,0.12746268416330667,0.1123036195430449,1,0.122864713,0.015
ex1,Glc_4,0,0.03387592466650755,0.04947546245146825,0.04894391368933903,0.03312345094351502,0.037636691954549946,0.05044136572727209,0.04947438367436011,0.04893472096960461,0.03320908031740142,0.03763515208724091,0.05042215651575958,1,0.07232473,0.015
ex1,Glc_5,0,0.022166336530662436,0.028693896191081262,0.029151990326216765,0.022694690802837637,0.027491084931085232,0.02833140082530219,0.02870348799527826,0.029130694942807032,0.02272985917943289,0.027488344838513677,0.028306373340089567,1,0.263995919,0.015
ex1,Glc_6,0,0.38776861427527537,0.384204614034232,0.38542741699585154,0.40271471882671106,0.39436809331544204,0.3951303120819435,0.38419067480828684,0.38523437943840555,0.40241551011648485,0.39436896586612624,0.3949785042663246,1,0.199334277,0.015
ex1,Gln_0,0,0.3667526513517998,0.3538956471925425,0.35662221415997153,0.3379139413145755,0.35605575989262606,0.3669582133297693,0.3539024157933522,0.35604045515411364,0.3388038110538771,0.35556625306266093,0.36543284534028975,1,0.347915255,0.015
ex1,Gln_1,0,0.20728091387847128,0.23002371048083223,0.22468659148912895,0.2397176061904765,0.22748844221288647,0.2303652716137525,0.23002714414880798,0.22496224317321056,0.2395987801044064,0.22764788533259947,0.23095451204371859,1,0.227362314,0.015
ex1,Gln_2,0,0.31032384588122464,0.2559605137458323,0.2590869824784347,0.27046843055819814,0.26291883149416245,0.25013242724213564,0.25595447894050516,0.25922367389080553,0.2698746572419226,0.26312370248850986,0.2506271253869987,1,0.236342349,0.015
ex1,Gln_3,0,0.08029899467502369,0.10774404796035342,0.10600749583589864,0.10474582186776273,0.1042851980922837,0.10486405417829792,0.10774220489568255,0.10614271154663749,0.10463245938315113,0.10437189361122944,0.10515832045501622,1,0.123910838,0.015
ex1,Gln_4,0,0.030722733240298138,0.044031271421002036,0.04556520426811075,0.03980732644699867,0.04107003220964893,0.038982515960337284,0.04402949875760752,0.04559529974045414,0.03975460647901274,0.041102597922166625,0.03911014408978711,1,0.047514198,0.015
ex1,Gln_5,0,0.004620860973181748,0.008344809199436939,0.00803151176845601,0.0073468736219866404,0.008181736098393113,0.008697517675708016,0.008344257464042232,0.008035616494779001,0.007335685737627815,0.008187667582829763,0.008717052684193635,1,0.016955046,0.015
ex1,Glu_0,0,0.36071655683632226,0.32272409114154543,0.3160502337729075,0.3327667405708901,0.3136266305905307,0.30480534681001004,0.3227279866136618,0.31575562655448375,0.3335384375338603,0.31352592338466234,0.30472896620286893,1,0.311858175,0.015
ex1,Glu_1,0,0.20890231089834557,0.23940961131215774,0.23659297794161127,0.24130866352321514,0.24012886560393512,0.24953734113935042,0.23941419739119163,0.23679150617113343,0.24122771720700534,0.2401734445059467,0.24969199573743908,1,0.222406952,0.015
ex1,Glu_2,0,0.3135369921522849,0.26934039546842065,0.2767968119630161,0.27274234657605007,0.2816964079913725,0.27678685532634295,0.2693354295893696,0.2768001763687237,0.27219904401350953,0.2817283750189887,0.2766435249097253,1,0.262872327,0.015
ex1,Glu_3,0,0.08113328032111697,0.1134000457535479,0.1132839268691337,0.10562997703536857,0.11176388864005017,0.11608696074640763,0.11339869172361272,0.11336974574771186,0.10553725511738946,0.11178208248809919,0.11612154771313792,1,0.132985529,0.015
ex1,Glu_4,0,0.03104198210692167,0.046342939627758824,0.04869318656073892,0.04014337691559621,0.04401566001128937,0.043155034035985806,0.04634131331446684,0.048700138611034324,0.040098418722052505,0.044021132746775736,0.04318801722687008,1,0.055207482,0.015
ex1,Glu_5,0,0.004668877685007966,0.008782916696568825,0.008582862892593236,0.007408895378878119,0.008768547162822956,0.009628461941903865,0.008782381367694936,0.008582806546913454,0.007399127406180619,0.008769041855523234,0.009625948209963191,1,0.014669535,0.015
ex1,Lac_0,0,0.422525170873702,0.4154419094063414,0.4185495119875973,0.4186238445855018,0.417171171852262,0.4176975333556596,0.41544569434938605,0.4184302921396956,0.41861222710481844,0.41716177450239333,0.41805571049375034,1,0.383954728,0.015
ex1,Lac_1,0,0.09425077468412638,0.1188721432993913,0.11763110296566259,0.1178656798804764,0.11375986424992598,0.12233563143695166,0.11887822149310305,0.11781849645703892,0.11829144444452049,0.11378860141397715,0.12272990455009532,1,0.113819992,0.015
ex1,Lac_2,0,0.0622338611908505,0.07475625198377947,0.0774555379352208,0.07206061552695095,0.0746800587288945,0.07422428118605671,0.07475940226344115,0.0775432916105932,0.07228427500558054,0.07469617616725259,0.07446399094905658,1,0.102673602,0.015
ex1,Lac_3,0,0.42099019325132114,0.39092969531048755,0.3863638471115198,0.3914498600070704,0.39438890516891756,0.38574255402133223,0.3909166818940689,0.3862079197926724,0.3908120534450796,0.3943534479163757,0.3847503940070995,1,0.399551678,0.015
ex1,Mal_0,0,0.395641982730112,0.35962638894733423,0.36063147120148287,0.35978245577330836,0.36530207107215623,0.36125043277882485,0.35962944256593815,0.36040000322607985,0.3596597625587593,0.3652687867190423,0.3613099850295705,1,0.379551588,0.015
ex1,Mal_1,0,0.1889417142799085,0.2401058009338443,0.23500814151745847,0.23347066937813193,0.22928250117800036,0.24640799270035782,0.2401115051610767,0.23523679707887904,0.2337870412483206,0.22931179219466175,0.2465791927281714,1,0.276375393,0.015
ex1,Mal_2,0,0.21725736089307887,0.21987691340964485,0.21393905327318924,0.21922134145700478,0.19865350732995563,0.22768449959092665,0.21987516349235356,0.21401556006405753,0.21915956711502146,0.19866766400133018,0.22756382589096674,1,0.218740236,0.015
ex1,Mal_3,0,0.1645792207817311,0.14025414694798086,0.15182090542017623,0.14423581866854157,0.16666436776904595,0.12410087147375311,0.14024923261235175,0.15176158898636444,0.14415921170943677,0.16665761401454512,0.12404561514959439,1,0.103476789,0.015
ex1,Mal_4,0,0.033579721315169335,0.04013674976119529,0.03860042858769352,0.04328971472301178,0.04009755265084221,0.04055620345613834,0.04013465616827746,0.038586050644620104,0.04323441736846002,0.04009414307041736,0.04050138120170094,1,0.021855994,0.015
ex1,PEP_0,0,0.47858483796823753,0.48763133318241764,0.4862087606639954,0.4694026711589553,0.47251525815041884,0.48371241969189677,0.48761273624042534,0.48611832376399056,0.4693376046113135,0.47249586945844474,0.48404216032423986,1,0.462922265,0.015
ex1,PEP_1,0,0.14314304655016843,0.11112659238236039,0.10469915312725084,0.1302818131617685,0.11940137917481311,0.1161262028464949,0.11111667356370145,0.10549257151745754,0.13063302893831713,0.11943367737571185,0.11604080769671934,1,0.100742265,0.015
ex1,PEP_2,0,0.10444332048477835,0.08703163207463371,0.08427144579655,0.09442753610243262,0.09158818799762596,0.08420927315610158,0.08704015557427562,0.08472881416888813,0.09451364220004685,0.09160817066721733,0.08413038218565191,1,0.088364838,0.015
ex1,PEP_3,0,0.2738287949968159,0.31421044236058915,0.3248206404122058,0.3058879795768441,0.3164951746771423,0.31595210430550674,0.31423043462159805,0.3236602905496578,0.30551572425032253,0.31646228249862524,0.3157866497933911,1,0.347970632,0.015
ex1,Pyr_0,0,0.43859737203341437,0.43430378869601555,0.4393113668014646,0.43742953104941495,0.4363689669231121,0.43270871294929086,0.4343090701414083,0.43909758031910856,0.43731174212042173,0.43634863747116737,0.43316117537045934,1,0.411679142,0.015
ex1,Pyr_1,0,0.13151751721044488,0.19011462820629968,0.1874278887207267,0.18107706583454522,0.17878858268927064,0.1765371707365092,0.19012085180085744,0.18768782457313324,0.18142351467728232,0.17881920231820975,0.1768303840890273,1,0.115511251,0.015
ex1,Pyr_2,0,0.0905648167982377,0.12476439417103838,0.1288208005076044,0.11523728795621832,0.12258358752058203,0.1108075207374093,0.12476689847083286,0.12892864621169803,0.11536666704703104,0.12259784609121739,0.11096605342839207,1,0.130431622,0.015
ex1,Pyr_3,0,0.33932029395790303,0.2508171889266462,0.2444399439702051,0.2662561151598208,0.26225886286703537,0.2799465955767911,0.2508031795869002,0.24428594889606037,0.2658980761552636,0.2622343141194036,0.27904238711212376,1,0.342377985,0.015
ex1,S7P_0,0,0.15982038796004083,0.25766883153563147,0.24495177591962508,0.2294688284469811,0.17226054393870477,0.17969413334146428,0.2576246829485903,0.2449051294989361,0.2289547076892989,0.17226933807590175,0.17987886900021297,1,0.318197267,0.015
ex1,S7P_1,0,0.11319781123663152,0.07610996501766837,0.07875708867662301,0.08524680780028498,0.09175226737321185,0.07876135192692699,0.07616273545871287,0.07891732871502288,0.08562117221624439,0.09174431583207751,0.07883590890940101,1,0.080943616,0.015
ex1,S7P_2,0,0.12983849784252222,0.24615731803383573,0.2480490976410502,0.230852712019173,0.186416331466768,0.20400048623647546,0.2460753962300025,0.2475164489348492,0.22981097390082614,0.1864065305231409,0.20401082260522402,1,0.181887944,0.015
ex1,S7P_3,0,0.17977451249638624,0.10653078856525618,0.10348294215907608,0.11663292283126059,0.12245882194883163,0.1003192482942192,0.10661910636552376,0.10382607598402276,0.11752216917075153,0.1224743532156966,0.100358679807179,1,0.118128722,0.015
ex1,S7P_4,0,0.16227068605678888,0.09010267532979908,0.08706347517777473,0.08636432324734883,0.10036184320407848,0.08735995689653565,0.0901858637855876,0.08738833447270236,0.08705803046125996,0.10037498645578669,0.0873658481598884,1,0.075890111,0.015
ex1,S7P_5,0,0.10412288319438422,0.0958808507753963,0.10688859492481277,0.11199110165416586,0.14287572493074369,0.1702332432593422,0.09578120954014212,0.10667007666280869,0.11158284178690377,0.14286501804527524,0.17012551957464864,1,0.131257186,0.015
ex1,S7P_6,0,0.06686563222563208,0.04443733215506126,0.04786883127735955,0.042746550222995866,0.06256545139431419,0.05529850354243918,0.04448318297971441,0.047948229353389035,0.04302979799473098,0.06255732800871273,0.05525741704467508,1,0.045768758,0.015
ex1,S7P_7,0,0.08410958898761522,0.0831122385873538,0.0829381942236808,0.09669675377779069,0.12130901574334559,0.12433307650259744,0.08306782269172665,0.08282837637826848,0.09642030677998531,0.12130812984340836,0.12416693489877378,1,0.047926397,0.015
ex1,Ser_0,0,0.8101997996315303,0.8011308917981498,0.7956601829274359,0.7993945473762322,0.7966110959513544,0.7981511230982802,0.801065966059222,0.7969503273242586,0.7996567201082277,0.7972925207703535,0.8002162438773621,1,0.763960149,0.015
ex1,Ser_1,0,0.06205796660209002,0.05687590731410188,0.05718546258563482,0.06038392534214307,0.058181594082990305,0.05853419448291361,0.05688245485206713,0.057261586411182154,0.06044656500902503,0.05808443132135081,0.05819455430563206,1,0.132998745,0.015
ex1,Ser_2,0,0.029930117964377816,0.029279140932527353,0.030137859745649687,0.029129618414183146,0.029246334228321784,0.028312802924379137,0.02929318274915628,0.030067619022818386,0.02911381839034794,0.029136789941146064,0.02796540171685829,1,0.071892371,0.015
ex1,Ser_3,0,0.09781211580200201,0.11271405995522123,0.11701649474128036,0.11109190886744186,0.11596097573733352,0.11500187949442688,0.11275839633955483,0.11572046724173866,0.11078289649239911,0.11548625796714947,0.11362380010014825,1,0.031148736,0.015
ex1,Suc_0,0,0.4023062203797685,0.35902080824559457,0.3531662590363411,0.3639676052161182,0.36445067795895575,0.36551737222515773,0.3590235476417311,0.35292312232506795,0.36381050144844007,0.36440143525265284,0.3654971983441986,1,0.368975131,0.015
ex1,Suc_1,0,0.20320133451705344,0.24347186299924306,0.23883049402856682,0.23511645966394817,0.23711318496615652,0.25162614262978883,0.24347707257138995,0.23906961829606063,0.23547977179965726,0.23714881840252583,0.25175232980101614,1,0.274705675,0.015
ex1,Suc_2,0,0.30312760608799577,0.256323758070453,0.2597837462434901,0.27518771034749,0.25682848660684443,0.2583683421761348,0.25632010080177536,0.2597980249396817,0.27497903134175067,0.25683825192528703,0.25821355638085974,1,0.223410004,0.015
ex1,Suc_3,0,0.06173624276042544,0.10166398487288286,0.10745931359548744,0.08722707791172495,0.10317756808630693,0.08764144324149589,0.10166170299846206,0.10746634188201189,0.087267487441582,0.10318270280507487,0.087711399420695,1,0.108226385,0.015
ex1,Suc_4,0,0.02962859625475634,0.03951958581182603,0.04076018709611498,0.038501146860717546,0.03843008238173703,0.03684669972742345,0.039517575986639304,0.0407428925571788,0.03846320796856817,0.038428791614456066,0.0368255160532342,1,0.024682804,0.015
ex1,aKG_0,0,0.35825602851475424,0.3048736146808316,0.29848518707840177,0.2985717916598035,0.309488860855089,0.30470716653467994,0.30487541489505576,0.29824004958326683,0.298474274503446,0.30942935326770216,0.3046205357891147,1,0.266216188,0.015
ex1,aKG_1,0,0.20956325039783102,0.244784472983422,0.24174767416312878,0.25187870477803764,0.2413615838381052,0.2495676264531271,0.24478985448085558,0.2419347914662529,0.2520754407188669,0.24139398277957033,0.24972546498419063,1,0.185810624,0.015
ex1,aKG_2,0,0.3148467856588333,0.2770024211736969,0.2844640241345863,0.287848895927936,0.28352763311932394,0.2768289602079777,0.27699826055076576,0.2844423233689368,0.28767803641448997,0.2835412852912903,0.27668999589320664,1,0.320994611,0.015
ex1,aKG_3,0,0.08147336503238624,0.1166389682925476,0.11643415147362147,0.1115037795721835,0.11249322482767149,0.1161046891010043,0.1166379759520073,0.11651201240796266,0.1115626405936423,0.1125041595637674,0.11614113043642632,1,0.112246247,0.015
ex1,aKG_4,0,0.031172119379613717,0.047666722721621174,0.05004740083634079,0.0423758969157802,0.04430292326108935,0.043161625187712604,0.047665213583451924,0.05005010201193044,0.04238799770367061,0.04430552591494013,0.043195301200773806,1,0.114732329,0.015
ex1,aKG_5,0,0.004688451016580895,0.009033800147880036,0.008821562313921616,0.007820931146257468,0.008825774098721928,0.0096299325154991,0.009033280537861337,0.008820721161650905,0.007821610065881831,0.008825693182725646,0.009627571696292551,1,0.0,0.015
ex1,m3PG_0,0,0.49205501456691914,0.49085314492590004,0.48690092716237615,0.47492554480503146,0.4770914904949585,0.4864927152500051,0.49083167782359133,0.4868285906378926,0.47487002185984517,0.4770745306052329,0.4868354437052056,1,0.474420592,0.015
ex1,m3PG_1,0,0.12373980138416807,0.10414627185550537,0.10328720119019656,0.11604921098367695,0.10800878001410451,0.1082215862454942,0.1041399933305049,0.10405334561850135,0.11637368334200958,0.10803757466614514,0.10813714858579325,1,0.093830763,0.015
ex1,m3PG_2,0,0.08949643865214023,0.08301118799094404,0.08344831522253307,0.08445406442736651,0.08306061039014731,0.07956781880865588,0.08302289691441953,0.08388944892161927,0.08454811562644543,0.08307847325201836,0.079489182101855,1,0.078050767,0.015
ex1,m3PG_3,0,0.294708745396773,0.3219893952276515,0.3263635564248963,0.3245711797839256,0.3318391191007898,0.32571787969584487,0.3220054319314847,0.32522861482198084,0.3242081791717,0.33180942147660286,0.32553822560714846,1,0.353697877,0.015
